熱門網頁,點擊,曝光,點閱率,排名
https://playplus.com.tw/blog/20250923-http-status-code.html,33,9204,0.36%,9.81
https://playplus.com.tw/,32,313,10.22%,8.73
https://playplus.com.tw/blog/20250729-what-is-ui-ux-user-experience-basics.html,13,2583,0.50%,5.27
https://playplus.com.tw/portfolio/j-garden.html,10,517,1.93%,9.25
https://playplus.com.tw/portfolio/stemcell.html,8,661,1.21%,7.7
https://playplus.com.tw/portfolio/investanchors.html,7,293,2.39%,10.97
https://playplus.com.tw/blog/20260311-we-use-notion-and-figma.html,7,76,9.21%,7.67
https://playplus.com.tw/portfolio/chrb.html,6,77,7.79%,12.17
https://playplus.com.tw/blog/20250923-ui-ux-business-value.html,5,187,2.67%,6.07
https://playplus.com.tw/portfolio/mitac-meeting-room-booking-system.html,4,188,2.00%,13.51
https://playplus.com.tw/blog/20260311-digital-transformation-sakura.html,4,55,7.27%,6.18
https://playplus.com.tw/portfolio/hongguanartonline.html,3,594,0.51%,8.56
https://playplus.com.tw/blog/20260317-case-study-cafe-website-ui-ux.html,3,101,2.97%,6.83
https://playplus.com.tw/portfolio/tsn.html,3,49,6%,6.53
https://playplus.com.tw/portfolio/optree.html,2,355,0.56%,7.86
https://playplus.com.tw/recommended-tools.html,2,231,0.87%,10.29
https://playplus.com.tw/digital-transformation.html,2,116,1.72%,20.61
https://playplus.com.tw/quickly-solution.html,2,87,2.30%,8.8
https://playplus.com.tw/about-playplus.html,1,85,1.18%,2.47
https://playplus.com.tw/services.html,1,62,2.00%,8.69
https://playplus.com.tw/blog/20250717-digital-transformation-first-step-workflow.html,1,62,1.61%,8.87
https://playplus.com.tw/contact.html,1,61,1.64%,3.48
https://playplus.com.tw/blog/20260417-b2b-tech-digital-trend,1,45,2.22%,5.69
https://playplus.com.tw/blog/20250623-marketing-strategy-not-just-website.html,1,41,2.44%,7.2
https://playplus.com.tw/blog/20260311-digital-transformation-sakura,1,16,6.25%,11.19
https://playplus.com.tw/blog/20260410-zoomex-update-ui-ux-design,1,4,25%,6.25
https://playplus.com.tw/portfolio/tfif-app,1,3,33.00%,8.67
https://playplus.com.tw/blog/20260410-zoomex-update-ui-ux-design.html,1,2,50.00%,6.5
https://playplus.com.tw/blogs/describe_demand.html,0,233,0.00%,95.7
https://playplus.com.tw/blog/20250612-sme-digital-transformation-strategy-first.html,0,86,0.00%,7.78
https://playplus.com.tw/blog/20250702-web-design-quote-why-interview-first.html,0,61,0.00%,7.79
https://playplus.com.tw/partners.html,0,42,0.00%,11.5
https://playplus.com.tw/services/web-design.html,0,42,0.00%,26.4
https://playplus.com.tw/blog/20260414-web-design-budget-guide,0,35,0%,7.34
https://playplus.com.tw/blog/20250604-web-design-budget.html,0,31,0%,9.65
https://playplus.com.tw/portfolio/secom-esg.html,0,28,0%,9.32
https://playplus.com.tw/services/internal-systems.html,0,27,0%,20.96
https://playplus.com.tw/blog/20260408-notion-project-management,0,25,0%,7.64
https://playplus.com.tw/portfolio/secom-smarthome,0,24,0%,12.38
https://playplus.com.tw/portfolio.html,0,23,0%,5.3
https://playplus.com.tw/services/chatbot-development.html,0,22,0%,21
https://playplus.com.tw/portfolio/kingspace,0,21,0%,5.81
https://playplus.com.tw/works/web.html,0,16,0%,46.5
https://playplus.com.tw/blog/20260417-b2b-tech-digital-trend.html,0,15,0%,3.67
https://playplus.com.tw/portfolio/siangyu.html,0,15,0%,8.4
https://playplus.com.tw/blogs/should_web_and_cart.html,0,13,0%,83.15
https://playplus.com.tw/blog.html,0,12,0%,6.5
https://playplus.com.tw/faq.html,0,12,0%,7.75
https://playplus.com.tw/portfolio/secom-sigmu-articles.html,0,11,0%,4.45
https://playplus.com.tw/portfolio/starworld_2-0.html,0,11,0%,7.18
https://playplus.com.tw/services/app-development.html,0,10,0%,7.4
https://playplus.com.tw/terms.html,0,9,0%,5.78
https://playplus.com.tw/privacy.html,0,9,0%,6.11
https://playplus.com.tw/portfolio/secom-smarthome.html,0,8,0%,8.12
https://playplus.com.tw/blog/20260422-website-feature-planning-and-expansion.html,0,7,0%,4.14
https://playplus.com.tw/blog/20260311-digital-transformation-lessons-from-ireland.html,0,6,0%,4.17
https://playplus.com.tw/portfolio/isi.html,0,6,0%,18.83
https://playplus.com.tw/services/app-development,0,5,0%,2.8
https://playplus.com.tw/blog/20260422-website-feature-planning-and-expansion,0,5,0%,3.8
https://playplus.com.tw/portfolio/siangyu,0,5,0%,5
https://playplus.com.tw/portfolio/secom-esg,0,5,0%,7.6
https://playplus.com.tw/blogs/what_is_linechatbot.html,0,5,0%,47
https://playplus.com.tw/blog/20260311-why-you-need-ui-ux-optimization.html,0,4,0%,4.25
https://playplus.com.tw/portfolio/isi,0,4,0%,5.25
https://playplus.com.tw/portfolio/kingspace.html,0,4,0%,13
https://playplus.com.tw/blogs/communication_is_important.html,0,4,0%,14.75
https://playplus.com.tw/portfolio/chaodays,0,3,0%,6.67
https://playplus.com.tw/portfolio/starworld_2-0,0,2,0%,5
https://playplus.com.tw/portfolio/tfif-app.html,0,2,0%,6.5
https://playplus.com.tw/portfolio/chuang-jie,0,2,0%,7
https://playplus.com.tw/portfolio/secom-sigmu-articles,0,2,0%,7.510.5
https://playplus.com.tw/blog/20260414-web-design-budget-guide.html,0,1,0%,4
https://playplus.com.tw/blog/20260408-notion-project-management.html,0,1,0%,5
https://playplus.com.tw/portfolio/chuang-jie.html,0,1,0%,5
https://playplus.com.tw/process.html,0,1,0%,7
https://playplus.com.tw/blogs/quote_process.html,0,1,0%,94