公司名稱,104頁面連結
豐祥金屬工業股份有限公司,https://www.104.com.tw/company/fme0ae0
自遊實股份有限公司,https://www.104.com.tw/company/155m51xs
帝興樹脂股份有限公司,https://www.104.com.tw/company/ao3dh08
顥葳股份有限公司,https://www.104.com.tw/company/7kh734w
年終獎金,https://www.104.com.tw/company/search
銘享精密企業有限公司,https://www.104.com.tw/company/gm1o80o
昌徽企業股份有限公司,https://www.104.com.tw/company/1a2x6bkw7f
翰德精密工業股份有限公司,https://www.104.com.tw/company/1a2x6bkw0a
鼎鉅電子股份有限公司,https://www.104.com.tw/company/1a2x6bijsf
伊瑪克國際股份有限公司,https://www.104.com.tw/company/cmmzfvs
萬丞科技有限公司,https://www.104.com.tw/company/b5c4z1c
公隆化學股份有限公司,https://www.104.com.tw/company/akxga9c
東日實業股份有限公司,https://www.104.com.tw/company/aojc5a0
雄仁工業有限公司,https://www.104.com.tw/company/13sf6dq8
保忠精密工具股份有限公司,https://www.104.com.tw/company/7jd60a0
永冠興業股份有限公司,https://www.104.com.tw/company/a9kqum8
元力電機股份有限公司,https://www.104.com.tw/company/12tl88g0
炳碩生醫股份有限公司,https://www.104.com.tw/company/1a2x6bjs6v
琦勝企業有限公司,https://www.104.com.tw/company/ac7mamw
欽和工業股份有限公司,https://www.104.com.tw/company/12fjkj40
優貝克自動化股份有限公司,https://www.104.com.tw/company/cv6q6rc
美克迪股份有限公司台中分公司,https://www.104.com.tw/company/1a2x6bi8hy
中港興食品股份有限公司,https://www.104.com.tw/company/12r0edcg
莘茂複合材料股份有限公司,https://www.104.com.tw/company/113g8utc
Envalior_太洋尼龍股份有限公司,https://www.104.com.tw/company/aesi1mw
ITOKIN_台灣伊都錦股份有限公司,https://www.104.com.tw/company/5pori2o
百盛鐵氟龍股份有限公司,https://www.104.com.tw/company/d1j8ftk
熙特爾新能源股份有限公司,https://www.104.com.tw/company/1a2x6blqkz
華鉬實業股份有限公司,https://www.104.com.tw/company/7pwj3ww
大得利家畜肉食品加工廠有限公司,https://www.104.com.tw/company/13m2tuoo
頡鋒實業有限公司,https://www.104.com.tw/company/1a2x6bjo2n
海昌生化科技股份有限公司,https://www.104.com.tw/company/d4062b4
怡良電機有限公司,https://www.104.com.tw/company/12h1tgo0
元宙化學製藥股份有限公司,https://www.104.com.tw/company/sg3mkg0
強鑫工業股份有限公司,https://www.104.com.tw/company/ctkfyhs
祥好塑膠股份有限公司,https://www.104.com.tw/company/1a2x6bjif6
久馨股份有限公司,https://www.104.com.tw/company/o29or8g
歐美嘉股份有限公司,https://www.104.com.tw/company/18jl6mdk
中傳科技股份有限公司,https://www.104.com.tw/company/1a2x6bm09m
聯國金屬工業股份有限公司,https://www.104.com.tw/company/z2tyxqg
台灣應達股份有限公司,https://www.104.com.tw/company/a5jd7co
華冠乳品股份有限公司,https://www.104.com.tw/company/1115ff0w
台灣電能股份有限公司,https://www.104.com.tw/company/1a2x6bidow
貫煜工業股份有限公司,https://www.104.com.tw/company/18l0sso0
碩瑋精密股份有限公司,https://www.104.com.tw/company/5x4tnxs
縉錩工業股份有限公司,https://www.104.com.tw/company/r9r7dzc
日堡全球精密科技股份有限公司,https://www.104.com.tw/company/ppnzsls
美商瑞盟亞洲股份有限公司台灣分公司,https://www.104.com.tw/company/7qhk834
金上達科技股份有限公司,https://www.104.com.tw/company/wd55i7k
賀電實業股份有限公司,https://www.104.com.tw/company/fqptk14
普聯國際股份有限公司,https://www.104.com.tw/company/12yuouvs
銘珍食品廠有限公司,https://www.104.com.tw/company/3gwzbyo
天葆股份有限公司,https://www.104.com.tw/company/pnkudjk
亞護開發股份有限公司,https://www.104.com.tw/company/5umvky8
立明板金股份有限公司,https://www.104.com.tw/company/1a2x6bkldq
空服員的手作甜點 Crew's dessert_糕飛有限公司,https://www.104.com.tw/company/1a2x6bl1mp
廣呈工業股份有限公司,https://www.104.com.tw/company/157988n4
碧芙莉國際有限公司,https://www.104.com.tw/company/cq3ckkw
金冠鑫興業股份有限公司,https://www.104.com.tw/company/1a2x6bjyjn
太子螺絲股份有限公司,https://www.104.com.tw/company/13rjb4sw
台灣銅業科技股份有限公司,https://www.104.com.tw/company/18oohslc
鼎霖醫療器材股份有限公司,https://www.104.com.tw/company/1a2x6biuhh
格安德工業股份有限公司,https://www.104.com.tw/company/1a2x6bmqpm
昇暘工業有限公司,https://www.104.com.tw/company/wgzzca0
合騏工業股份有限公司,https://www.104.com.tw/company/uh4d0q0
大發金屬工業股份有限公司,https://www.104.com.tw/company/ngcrvwo
金瑛發機械工業股份有限公司,https://www.104.com.tw/company/rnphddc
集圓科技工業股份有限公司,https://www.104.com.tw/company/13jsyrs0
金有記企業股份有限公司,https://www.104.com.tw/company/o1ko4e8
新可大國際股份有限公司,https://www.104.com.tw/company/1a2x6bi5xd
貝泰企業有限公司,https://www.104.com.tw/company/9k685so
辰品國際開發有限公司,https://www.104.com.tw/company/1a2x6bmdro
阡懋實業股份有限公司,https://www.104.com.tw/company/157m9f2o
帝谷企業股份有限公司,https://www.104.com.tw/company/ayinv8g
富潤股份有限公司,https://www.104.com.tw/company/13jmlov4
凱悅國際貿易有限公司,https://www.104.com.tw/company/oe3gwi8
台灣鉅邁股份有限公司,https://www.104.com.tw/company/5kqld4g
瑞宜纖維股份有限公司,https://www.104.com.tw/company/arlscso
華聯工程股份有限公司,https://www.104.com.tw/company/5dv1bsg
韋勝營造有限公司,https://www.104.com.tw/company/wcai37s
椿揚食品機械股份有限公司,https://www.104.com.tw/company/13ixjg5k
郡城塑膠股份有限公司,https://www.104.com.tw/company/ah9ycyo
三億食品原料股份有限公司,https://www.104.com.tw/company/h8bw7sw
尚上儀器股份有限公司,https://www.104.com.tw/company/1a2x6bi21a
擎寶實業有限公司,https://www.104.com.tw/company/13kgsxao
尚億企業有限公司,https://www.104.com.tw/company/1a2x6bkit0
新寶元鋼鐵股份有限公司,https://www.104.com.tw/company/10yunaaw
新福光塗裝工程股份有限公司,https://www.104.com.tw/company/12ank2gg
Airbus Helicopters Southeast Asia Taiwan Branch_新加坡商東南亞空中巴士直升機股份有限公司台灣分公司,https://www.104.com.tw/company/dbe5se0
耐超鋼品股份有限公司,https://www.104.com.tw/company/1a2x6bjzhz
台灣托納斯科技有限公司,https://www.104.com.tw/company/1a2x6bkvv4
達靖企業股份有限公司,https://www.104.com.tw/company/1a2x6bicpf
華信水織布實業股份有限公司,https://www.104.com.tw/company/15br9scw
小嵩保鮮技術_小嵩無氧化學股份有限公司,https://www.104.com.tw/company/o9lr5y0
永大霖企業股份有限公司,https://www.104.com.tw/company/5sswqco
阡淯股份有限公司,https://www.104.com.tw/company/18rud6iw
華鵬印刷設計_華鵬廣告設計有限公司,https://www.104.com.tw/company/wjkptgo
聯鐵企業股份有限公司,https://www.104.com.tw/company/13pzq280
活全機器股份有限公司,https://www.104.com.tw/company/159p49qg
川富科技開發股份有限公司,https://www.104.com.tw/company/1190rqg0
恆大實業有限公司,https://www.104.com.tw/company/1a2x6biuwu
昇威機械股份有限公司,https://www.104.com.tw/company/156z6sao
鴻仲生物科技有限公司,https://www.104.com.tw/company/1a2x6bj0rz
鍵發生技工業股份有限公司,https://www.104.com.tw/company/ri9gsc0
東琳興業股份有限公司,https://www.104.com.tw/company/dact0co
台灣優粒子股份有限公司,https://www.104.com.tw/company/annswg8
合興精工企業股份有限公司,https://www.104.com.tw/company/10yng0yw
原利興工業有限公司,https://www.104.com.tw/company/1594trw8
佑懋興塑膠企業有限公司,https://www.104.com.tw/company/7h2kr8o
東佑電料股份有限公司,https://www.104.com.tw/company/ah5yl1c
旭剛熱處理股份有限公司,https://www.104.com.tw/company/fv3v10o
德鉅企業股份有限公司,https://www.104.com.tw/company/12p8m480
超烽實業股份有限公司,https://www.104.com.tw/company/cwdsx5c
又興企業股份有限公司,https://www.104.com.tw/company/9f28ym0
華貿電機股份有限公司,https://www.104.com.tw/company/cncjzjk
昌鴻興業有限公司,https://www.104.com.tw/company/cwk0n5s
卡多利窗飾有限公司,https://www.104.com.tw/company/wga120o
富荃工業股份有限公司,https://www.104.com.tw/company/opjqw8g
準訊生醫股份有限公司,https://www.104.com.tw/company/1a2x6bitk8
奇美車電股份有限公司,https://www.104.com.tw/company/1a2x6bin40
惠興股份有限公司,https://www.104.com.tw/company/13pr6d28
糕盛有限公司,https://www.104.com.tw/company/ok3unu0
大陽精機廠股份有限公司,https://www.104.com.tw/company/qnjrm80
東原文化事業有限公司,https://www.104.com.tw/company/ctkcc3c
雅騰電機股份有限公司,https://www.104.com.tw/company/1a2x6bj9qt
光鑫精密機械有限公司,https://www.104.com.tw/company/cok1amg
啟德包裝機械股份有限公司,https://www.104.com.tw/company/ecasw54
佳翔立股份有限公司,https://www.104.com.tw/company/7kkg4vc
昱慶特殊印刷股份有限公司,https://www.104.com.tw/company/vvwlwwg
世界油箱製造有限公司,https://www.104.com.tw/company/1a2x6blxcd
鴻曜精密工業股份有限公司,https://www.104.com.tw/company/1a2x6bmy0a
元泰精密工業有限公司,https://www.104.com.tw/company/1a2x6bmy09
川源股份有限公司,https://www.104.com.tw/company/269fj7c
山聚企業股份有限公司,https://www.104.com.tw/company/fhi4a88
英特科學股份有限公司,https://www.104.com.tw/company/yxbjms8
信元玻璃工業股份有限公司,https://www.104.com.tw/company/a93azzs
富爾登國際股份有限公司,https://www.104.com.tw/company/1a2x6blkmm
展煜雷射股份有限公司,https://www.104.com.tw/company/1a2x6biq8q
連傑油壓工業股份有限公司,https://www.104.com.tw/company/1a2x6binxs
紅政企業股份有限公司,https://www.104.com.tw/company/am4c9lc
科邁斯科技股份有限公司,https://www.104.com.tw/company/10vz8t1k
莊頭北_雅適國際股份有限公司,https://www.104.com.tw/company/7qdrra0
通泰工業社,https://www.104.com.tw/company/1a2x6bmxvb
六上實業股份有限公司,https://www.104.com.tw/company/al198tc
崑榮機械股份有限公司,https://www.104.com.tw/company/1ytgl2w
永捷創新科技股份有限公司,https://www.104.com.tw/company/13kbxihc
全泰雷射精機股份有限公司,https://www.104.com.tw/company/d5ub67s
台灣日產化工股份有限公司,https://www.104.com.tw/company/5h1y4y0
富全橡膠工業股份有限公司,https://www.104.com.tw/company/llpihs0
海華鋼鐵有限公司,https://www.104.com.tw/company/10rqfy6g
允拓材料科技股份有限公司,https://www.104.com.tw/company/apn82y8
鉅輝鋼鐵股份有限公司,https://www.104.com.tw/company/1a2x6bm4wj
煥坤企業股份有限公司,https://www.104.com.tw/company/r4hhlao
邰富企業股份有限公司,https://www.104.com.tw/company/12p7mvpc
大德機械工程股份有限公司,https://www.104.com.tw/company/g3j8040
大揚電裝股份有限公司,https://www.104.com.tw/company/10v8n0c0
永泉豐企業股份有限公司,https://www.104.com.tw/company/12o3j9so
歐貝拉洋菓子店_其祥食品有限公司,https://www.104.com.tw/company/7k51wpk
超茂國際有限公司,https://www.104.com.tw/company/1a2x6bja9u
詮盛工業股份有限公司,https://www.104.com.tw/company/1a2x6bk3bk
聯琦金屬股份有限公司,https://www.104.com.tw/company/13u8boa8
七宇實業股份有限公司,https://www.104.com.tw/company/akf396w
鴻盛機械有限公司,https://www.104.com.tw/company/cmvo6dc
統資實業股份有限公司,https://www.104.com.tw/company/w0ba63s
鎂格納精密工業股份有限公司,https://www.104.com.tw/company/5uanxsg
騰升科技股份有限公司,https://www.104.com.tw/company/d1pmvcg
鋐洲有限公司,https://www.104.com.tw/company/12mdfbyw
國慶精密股份有限公司,https://www.104.com.tw/company/1a2x6bkz5e
龍捷工業股份有限公司,https://www.104.com.tw/company/13t780y8
曄中科技有限公司,https://www.104.com.tw/company/7l4cyfc
泰安電機廠股份有限公司,https://www.104.com.tw/company/1a2x6blq3j
沅水企業股份有限公司,https://www.104.com.tw/company/a3y0sog
舜益工業股份有限公司,https://www.104.com.tw/company/a8tbr4g
上岳科技股份有限公司,https://www.104.com.tw/company/10v46d5k
佳適多企業有限公司,https://www.104.com.tw/company/13noddj4
大瀚鋼鐵股份有限公司,https://www.104.com.tw/company/1a2x6bl867
興展企業有限公司,https://www.104.com.tw/company/13vipvlk
新龍光塑料股份有限公司,https://www.104.com.tw/company/1a2x6bi1ng
順華藥品工業股份有限公司,https://www.104.com.tw/company/248y12o
衣的藝術有限公司,https://www.104.com.tw/company/1a2x6bketv
金漾印刷股份有限公司,https://www.104.com.tw/company/1a2x6biceq
優盛醫學科技股份有限公司,https://www.104.com.tw/company/amf7xwg
大才不銹鋼股份有限公司,https://www.104.com.tw/company/ase7l7s
立綺實業股份有限公司,https://www.104.com.tw/company/aqa3yo8
攝影人數位影像製作股份有限公司,https://www.104.com.tw/company/e7v0pfs
原奇工業股份有限公司,https://www.104.com.tw/company/sgpktio
利峻企業股份有限公司,https://www.104.com.tw/company/gs54cc8
佑享科技股份有限公司,https://www.104.com.tw/company/60t8n1s
華勝自動化有限公司,https://www.104.com.tw/company/10w87p9s
孟申機械工廠股份有限公司,https://www.104.com.tw/company/pppv14o
正慧食品工業股份有限公司,https://www.104.com.tw/company/110gszrc
天朗企業股份有限公司,https://www.104.com.tw/company/13r9ox2g
允騁機械有限公司,https://www.104.com.tw/company/1a2x6bik2a
家泰有限公司,https://www.104.com.tw/company/151179wo
錠勝工業股份有限公司,https://www.104.com.tw/company/1a2x6bk321
協泰開發實業有限公司,https://www.104.com.tw/company/10zi9cxc
總億食品工業股份有限公司,https://www.104.com.tw/company/wead3xk
企龍企業有限公司,https://www.104.com.tw/company/5uor9og
神興科技股份有限公司,https://www.104.com.tw/company/a7qq1sw
芯量科技股份有限公司,https://www.104.com.tw/company/1a2x6blhjn
銘岱實業股份有限公司,https://www.104.com.tw/company/gjj6gp4
德霆企業股份有限公司,https://www.104.com.tw/company/13tbjuio
雄崎股份有限公司,https://www.104.com.tw/company/12yccasg
盛閎石材有限公司,https://www.104.com.tw/company/1a2x6bkzip
拓誠機械股份有限公司,https://www.104.com.tw/company/7e74k94
紹琪實業股份有限公司,https://www.104.com.tw/company/12mi1pxs
重威企業有限公司,https://www.104.com.tw/company/9mrgn4o
百鮮企業有限公司,https://www.104.com.tw/company/ai0k11k
頡欣機械有限公司,https://www.104.com.tw/company/dd79zlc
志成鋼鐵股份有限公司,https://www.104.com.tw/company/o09yvpc
名山工業股份有限公司,https://www.104.com.tw/company/po3vou8
赫德利國際股份有限公司,https://www.104.com.tw/company/1a2x6bj2kj
光聯輕電股份有限公司,https://www.104.com.tw/company/ogavkjk
歐宣國際開發設計有限公司,https://www.104.com.tw/company/130ol8qw
冠賢機電股份有限公司,https://www.104.com.tw/company/12z757bc
拉法生醫股份有限公司,https://www.104.com.tw/company/cwjqmtk
育貿股份有限公司,https://www.104.com.tw/company/24qe5q8
喬奕精密工業股份有限公司,https://www.104.com.tw/company/ac5i9r4
偉錠工業股份有限公司,https://www.104.com.tw/company/ggyizjc
豪紳纖維科技股份有限公司,https://www.104.com.tw/company/15bnwim8
立欣精密股份有限公司,https://www.104.com.tw/company/1a2x6bk50t
三來司有限公司,https://www.104.com.tw/company/1a2x6blmol
宏享金屬科技有限公司,https://www.104.com.tw/company/1a2x6bkcd2
啟銘機械股份有限公司,https://www.104.com.tw/company/g8hegmw
美琪生技股份有限公司,https://www.104.com.tw/company/73h5wow
晉爵精機股份有限公司,https://www.104.com.tw/company/13l8zvvk
啟華工業股份有限公司,https://www.104.com.tw/company/126t5g88
品元企業股份有限公司,https://www.104.com.tw/company/aahxpa0
成興鑄造股份有限公司,https://www.104.com.tw/company/vucou80
錦德鋼鐵股份有限公司,https://www.104.com.tw/company/1a2x6bkbd2
志鑫機械有限公司,https://www.104.com.tw/company/1a2x6bizty
勝群金屬股份有限公司,https://www.104.com.tw/company/aqwr2t4
達豫醫療器材股份有限公司,https://www.104.com.tw/company/13vv3e6g
成發塑膠廠股份有限公司,https://www.104.com.tw/company/fn2768o
雲巖科技股份有限公司,https://www.104.com.tw/company/5t6i9t4
瑞磁生物科技集團_瑞磁生物科技股份有限公司,https://www.104.com.tw/company/1a2x6bjg9a
星陶科技股份有限公司,https://www.104.com.tw/company/wd2uln4
駱恆股份有限公司,https://www.104.com.tw/company/abo966o
穎宸實業有限公司,https://www.104.com.tw/company/1a2x6bidie
尚典生技股份有限公司,https://www.104.com.tw/company/13qe11ko
優福得科技有限公司,https://www.104.com.tw/company/1a2x6blpi8
育安照明企業股份有限公司,https://www.104.com.tw/company/13nxkcnk
寶結企業有限公司,https://www.104.com.tw/company/azg6p80
巨緯自動化科技有限公司,https://www.104.com.tw/company/1a2x6blpio
富堡工業股份有限公司,https://www.104.com.tw/company/e68eim8
舜煜實業股份有限公司,https://www.104.com.tw/company/b7rj2ao
妙印精機股份有限公司,https://www.104.com.tw/company/ajy1ia8
雅輪實業股份有限公司,https://www.104.com.tw/company/1a2x6bi0ec
佳佳農產品實業有限公司,https://www.104.com.tw/company/13jinnfs
新駿實業股份有限公司,https://www.104.com.tw/company/5q3nn00
大灃科技股份有限公司,https://www.104.com.tw/company/wcopn40
聚益化學工業股份有限公司,https://www.104.com.tw/company/4c78ii9
裕榮食品股份有限公司,https://www.104.com.tw/company/13enum20
櫻桃爺爺_豐稷食品股份有限公司,https://www.104.com.tw/company/1a2x6bj547
浩鉦國際有限公司,https://www.104.com.tw/company/cjzofog
豐云精密股份有限公司,https://www.104.com.tw/company/1a2x6bjhqg
東龍工業股份有限公司,https://www.104.com.tw/company/pkhhivc
樺萊高分子工業股份有限公司,https://www.104.com.tw/company/1a2x6bkzdn
賀聲樂器股份有限公司,https://www.104.com.tw/company/ao9vixk
天樺股份有限公司,https://www.104.com.tw/company/l3asxv4
大東羊食品工業股份有限公司,https://www.104.com.tw/company/1a2x6bj61k
唐振工業股份有限公司,https://www.104.com.tw/company/cmxq9t4
信服嘉工業股份有限公司,https://www.104.com.tw/company/b0so4vc
禾紡纖維有限公司,https://www.104.com.tw/company/a5l6us0
哲良企業股份有限公司,https://www.104.com.tw/company/assfxns
千倍機械股份有限公司,https://www.104.com.tw/company/1a2x6bing4
台灣久林實業股份有限公司,https://www.104.com.tw/company/aevoddk
立兆工業股份有限公司,https://www.104.com.tw/company/12u5jdfk
洛亞貿易股份有限公司,https://www.104.com.tw/company/5o69re0
翊達產業股份有限公司,https://www.104.com.tw/company/fq082f4
秉鋒興業股份有限公司,https://www.104.com.tw/company/a8itzl4
裕利晟工業股份有限公司,https://www.104.com.tw/company/1a2x6bl2nq
慶穗工業股份有限公司,https://www.104.com.tw/company/a7j468g
明昌輪業股份有限公司,https://www.104.com.tw/company/165baygw
新記企業股份有限公司,https://www.104.com.tw/company/23fcumg
順利金屬工業股份有限公司,https://www.104.com.tw/company/10rbyg9c
珀金埃爾默股份有限公司,https://www.104.com.tw/company/wc1q5rc
佳聯機械股份有限公司,https://www.104.com.tw/company/atdqcpk
台振精密機械廠,https://www.104.com.tw/company/19enx4bk
立名鋼模有限公司,https://www.104.com.tw/company/10ynohr4
台灣中華蠟業有限公司,https://www.104.com.tw/company/1a2x6bi47v
定泰科技有限公司,https://www.104.com.tw/company/1a2x6bjv4t
弘展切削工具有限公司,https://www.104.com.tw/company/10xrhmm8
宏裕汽車股份有限公司,https://www.104.com.tw/company/6fsftio
樺羽紙器印刷股份有限公司,https://www.104.com.tw/company/pondve0
擁立企業股份有限公司,https://www.104.com.tw/company/fq0vx7s
林哥股份有限公司,https://www.104.com.tw/company/r66ri3s
米億實業股份有限公司,https://www.104.com.tw/company/edlcayg
苗栗縣台鹽實業股份有限公司通霄精鹽廠企業工會,https://www.104.com.tw/company/1a2x6binmr
光大企業股份有限公司,https://www.104.com.tw/company/g4z5ys8
程鼎實業股份有限公司,https://www.104.com.tw/company/10sx75g0
允大鋁業股份有限公司,https://www.104.com.tw/company/xuov6kg
東遠糧業股份有限公司,https://www.104.com.tw/company/1a2x6bmx53
維義事業股份有限公司,https://www.104.com.tw/company/130vmi14
鉅高股份有限公司,https://www.104.com.tw/company/5nsoka0
酒田有限公司,https://www.104.com.tw/company/7inhmi0
銘機實業股份有限公司,https://www.104.com.tw/company/abppjzk
橘平實業股份有限公司,https://www.104.com.tw/company/bj9oj1c
台灣維克法蘭斯股份有限公司,https://www.104.com.tw/company/oll24mg
倍榮機械工程有限公司,https://www.104.com.tw/company/av95i0w
遠景光學股份有限公司,https://www.104.com.tw/company/1a2x6bk45a
金山壓鑄工業股份有限公司,https://www.104.com.tw/company/ve3hr3k
穀盛股份有限公司,https://www.104.com.tw/company/13kjef1c
泓電精密工業股份有限公司,https://www.104.com.tw/company/csyb0og
艾瑞始達股份有限公司,https://www.104.com.tw/company/oh3vsd4
福昇企業股份有限公司,https://www.104.com.tw/company/adecfbk
阿中丸子_振鈁有限公司,https://www.104.com.tw/company/5t41mg8
立惟實業股份有限公司,https://www.104.com.tw/company/foans5k
五惠食品廠股份有限公司,https://www.104.com.tw/company/k29niqw
中誠金屬工業股份有限公司,https://www.104.com.tw/company/25n51jk
亞勝塑膠實業有限公司,https://www.104.com.tw/company/d11wzdk
大豐燿有限公司,https://www.104.com.tw/company/clu63qw
台福工業股份有限公司,https://www.104.com.tw/company/aetelpc
亨叡股份有限公司,https://www.104.com.tw/company/159tv5qo
伍菱電機股份有限公司,https://www.104.com.tw/company/a78to9s
東光凡而工業股份有限公司,https://www.104.com.tw/company/3b0bg2w
唐聚企業股份有限公司,https://www.104.com.tw/company/aain1bc
劦鑫自動化科技有限公司,https://www.104.com.tw/company/1a2x6bluxj
東雷多企業股份有限公司,https://www.104.com.tw/company/12ydlswo
Maxima Biotech Inc_久方生技股份有限公司,https://www.104.com.tw/company/1a2x6bl1ny
翰沃生電科技股份有限公司,https://www.104.com.tw/company/wjos4fs
臺灣富士模具股份有限公司,https://www.104.com.tw/company/2bkk3tk
青田科技股份有限公司,https://www.104.com.tw/company/a7n25cg
有益鋼鐵股份有限公司,https://www.104.com.tw/company/18hxclmg
逸揚企業有限公司,https://www.104.com.tw/company/24xq2i0
華聯食品工業股份有限公司,https://www.104.com.tw/company/bslxzc
億加企業股份有限公司,https://www.104.com.tw/company/14zu0big
AMER  SPORTS _美商威爾森運動器材股份有限公司台中分公司,https://www.104.com.tw/company/1300oot4
德星紙器股份有限公司,https://www.104.com.tw/company/1a2x6blqqc
優雅食股份有限公司,https://www.104.com.tw/company/1a2x6bjr8g
三能國際企業有限公司,https://www.104.com.tw/company/crpjstk
弘森實業股份有限公司,https://www.104.com.tw/company/14ro08i8
群坤科技股份有限公司,https://www.104.com.tw/company/ct3epc0
FAIR LADY時尚鞋履_菲飛國際有限公司,https://www.104.com.tw/company/18lbscmw
台塑科騰化學有限公司,https://www.104.com.tw/company/1a2x6bidxw
福碩科技實業股份有限公司,https://www.104.com.tw/company/5z35uw0
泰山彈簧股份有限公司,https://www.104.com.tw/company/12bak4n4
台灣日鍛工業股份有限公司,https://www.104.com.tw/company/5gp15qw
澳洲商安科自動化_安科自動化股份有限公司,https://www.104.com.tw/company/cvemv7s
尚郁企業有限公司,https://www.104.com.tw/company/10xk1x9s
大鎪科技股份有限公司,https://www.104.com.tw/company/a4z2epk
群超鋁業股份有限公司,https://www.104.com.tw/company/a8v23q0
歐可林股份有限公司,https://www.104.com.tw/company/b5hpp48
建聲實業有限公司,https://www.104.com.tw/company/12zkyf08
偉詳工業股份有限公司,https://www.104.com.tw/company/13lsvmuo
茂詮企業股份有限公司,https://www.104.com.tw/company/131jsc2o
大勝鋼鐵股份有限公司,https://www.104.com.tw/company/1a2x6bivbl
欽揚科技股份有限公司,https://www.104.com.tw/company/5uwr5vk
新灃企業股份有限公司,https://www.104.com.tw/company/13oqod1s
昱陽工業股份有限公司,https://www.104.com.tw/company/of9o33c
兆強科技股份有限公司,https://www.104.com.tw/company/10wc0bhc
玉山輪胎股份有限公司,https://www.104.com.tw/company/1a2x6bl60e
昌靖興業股份有限公司,https://www.104.com.tw/company/wfd73v4
健閔實業股份有限公司,https://www.104.com.tw/company/1a2x6bkpd8
綠盟股份有限公司,https://www.104.com.tw/company/12vu5bl4
喜美包裝企業股份有限公司,https://www.104.com.tw/company/azzpxkw
台灣康明斯動力有限公司,https://www.104.com.tw/company/1a2x6bkniz
鼎易印刷事業股份有限公司,https://www.104.com.tw/company/7c4re60
五力機電廠股份有限公司,https://www.104.com.tw/company/26se94w
巧宿企業有限公司,https://www.104.com.tw/company/1a2x6bj09q
豪元實業股份有限公司,https://www.104.com.tw/company/a7zav34
昇燕精密工業股份有限公司,https://www.104.com.tw/company/14qr2348
晶準有限公司,https://www.104.com.tw/company/1a2x6blxx2
昶瀚應用材料股份有限公司,https://www.104.com.tw/company/1a2x6bka11
名珠高爾夫股份有限公司,https://www.104.com.tw/company/1a2x6bii0q
昶盛工程有限公司,https://www.104.com.tw/company/ayk28i8
俐慶鋼鐵有限公司,https://www.104.com.tw/company/1a2x6bkcbb
優護國際企業股份有限公司,https://www.104.com.tw/company/5x8a1k8
育智電子股份有限公司,https://www.104.com.tw/company/13v3uj80
永進興不銹鋼有限公司,https://www.104.com.tw/company/1a2x6bkqoa
聯毅企業股份有限公司,https://www.104.com.tw/company/12rn6ozc
平成科技股份有限公司,https://www.104.com.tw/company/1a2x6bld4g
台豐貿易股份有限公司,https://www.104.com.tw/company/5fj08gw
明冠造機企業股份有限公司,https://www.104.com.tw/company/10do2s6g
菩泰股份有限公司,https://www.104.com.tw/company/opvfi7k
如陽股份有限公司,https://www.104.com.tw/company/azqflbc
鎌裕實業股份有限公司,https://www.104.com.tw/company/5rjlfi0
巧展實業股份有限公司,https://www.104.com.tw/company/a8nll20
勤堃機械股份有限公司,https://www.104.com.tw/company/pod0fps
亞喬企業股份有限公司,https://www.104.com.tw/company/13gie9vs
味の素株式会社_台灣味之素股份有限公司,https://www.104.com.tw/company/cv2265c
國際精工股份有限公司,https://www.104.com.tw/company/oo6kom0
永瑞勝企業有限公司,https://www.104.com.tw/company/1a2x6bibwp
亞基精密股份有限公司,https://www.104.com.tw/company/b6r2o5k
東生華製藥股份有限公司,https://www.104.com.tw/company/oe2g9u0
富龍科技股份有限公司,https://www.104.com.tw/company/cruhgnk
豐錥五金有限公司,https://www.104.com.tw/company/ae28mww
泰清鐵材股份有限公司,https://www.104.com.tw/company/18kk79v4
禾明實業有限公司,https://www.104.com.tw/company/aavz9w8
卓和企業股份有限公司,https://www.104.com.tw/company/1a2x6bj3og
首君企業股份有限公司,https://www.104.com.tw/company/alxl0nc
華光電線電纜股份有限公司,https://www.104.com.tw/company/x4daeds
築伸家具有限公司,https://www.104.com.tw/company/1a2x6biyik
鴻偉國際有限公司,https://www.104.com.tw/company/1a2x6biex2
郵台工程顧問股份有限公司,https://www.104.com.tw/company/at3391k
台灣歐西瑪股份有限公司,https://www.104.com.tw/company/ftbqr0w
昱宣有限公司,https://www.104.com.tw/company/gmrfbsg
仙桃牌_仁壽藥業有限公司,https://www.104.com.tw/company/1a2x6bj8fb
敦和容器股份有限公司,https://www.104.com.tw/company/ao4ltgg
普慧企業股份有限公司,https://www.104.com.tw/company/w193z5k
佳燁精密鑄造工業股份有限公司,https://www.104.com.tw/company/12vlkhj4
廣州番禺潤億化學工業有限公司,https://www.104.com.tw/company/1a2x6bmkw7
孜展企業有限公司,https://www.104.com.tw/company/154roo14
清海化學工業有限公司,https://www.104.com.tw/company/aon3bsg
廣玥科技股份有限公司,https://www.104.com.tw/company/7ehglrs
台科電科技股份有限公司,https://www.104.com.tw/company/60j9ozc
金爪機械工業股份有限公司,https://www.104.com.tw/company/2nrp2i8
久德電子科技股份有限公司,https://www.104.com.tw/company/oaen1wg
世大照明股份有限公司,https://www.104.com.tw/company/acamk0g
隆錸實業股份有限公司,https://www.104.com.tw/company/5wps8fc
明洋紙器股份有限公司,https://www.104.com.tw/company/2v4ya40
巴涼科技股份有限公司,https://www.104.com.tw/company/1a2x6blhea
正泰特殊金屬股份有限公司,https://www.104.com.tw/company/1ztwi8w
悅旺食品有限公司,https://www.104.com.tw/company/1a2x6bjnzp
廣大集團_廣大保利龍股份有限公司,https://www.104.com.tw/company/lmuod00
昆富工業股份有限公司,https://www.104.com.tw/company/1bw5f88
容景精密科技股份有限公司,https://www.104.com.tw/company/1a2x6bmgd4
大正刺繡有限公司,https://www.104.com.tw/company/eed4rxk
南星顏料廠股份有限公司,https://www.104.com.tw/company/5a25wg0
世曄實業股份有限公司,https://www.104.com.tw/company/ak9wgnk
田晉五金製品股份有限公司,https://www.104.com.tw/company/wfdke9c
台灣開山壓縮機有限公司,https://www.104.com.tw/company/1a2x6bjxco
兆銳塑膠股份有限公司,https://www.104.com.tw/company/7g1kkwo
浤鉝實業股份有限公司,https://www.104.com.tw/company/60dvkk0
龍盟機械股份有限公司,https://www.104.com.tw/company/xtoh2zk
速成自動化有限公司,https://www.104.com.tw/company/d0cbnxs
品勝股份有限公司,https://www.104.com.tw/company/cv7hsl4
愛生製藥廠有限公司,https://www.104.com.tw/company/7qwrc2o
亮宇油封企業股份有限公司,https://www.104.com.tw/company/r90o7eo
光太機械廠股份有限公司,https://www.104.com.tw/company/g4y5qrs
台裕股份有限公司,https://www.104.com.tw/company/5go703k
京華超音波股份有限公司,https://www.104.com.tw/company/gisfdeg
台灣彩光科技股份有限公司,https://www.104.com.tw/company/bibp3ts
順詮精機股份有限公司,https://www.104.com.tw/company/1596xb14
鴻助紙器股份有限公司,https://www.104.com.tw/company/13lbvhtc
詠和泵浦_祥昇機電工業有限公司,https://www.104.com.tw/company/1a2x6bj719
山崎金型企業有限公司,https://www.104.com.tw/company/1a2x6bjmvo
碩晨生醫股份有限公司,https://www.104.com.tw/company/1a2x6bid2d
帝壹雷射精機股份有限公司,https://www.104.com.tw/company/axp55io
俊誠實業有限公司,https://www.104.com.tw/company/1a2x6bi266
岩督科技有限公司,https://www.104.com.tw/company/b7yp7i8
至成不織布股份有限公司,https://www.104.com.tw/company/12n019o0
容成實業有限公司,https://www.104.com.tw/company/1a2x6bim0n
漢錸科技股份有限公司,https://www.104.com.tw/company/bhi1iyg
流亞科技股份有限公司,https://www.104.com.tw/company/12nutak0
偉孚興業股份有限公司,https://www.104.com.tw/company/o9do0go
誠諾工程技術股份有限公司,https://www.104.com.tw/company/1a2x6biyod
集隆股份有限公司,https://www.104.com.tw/company/18jk9xog
美生金屬工業股份有限公司,https://www.104.com.tw/company/at4us2w
佳飾美國際事業有限公司,https://www.104.com.tw/company/wcrgat4
華周工業股份有限公司,https://www.104.com.tw/company/o9g84tk
精圓科技股份有限公司,https://www.104.com.tw/company/10sklx34
第讚企業有限公司,https://www.104.com.tw/company/ajqujr4
允成化學工業股份有限公司,https://www.104.com.tw/company/wmzysy0
兆賀股份有限公司,https://www.104.com.tw/company/12yahlk0
葉信工業股份有限公司,https://www.104.com.tw/company/aa8lv00
元順利股份有限公司,https://www.104.com.tw/company/d64pj2g
揚仟鍛造股份有限公司,https://www.104.com.tw/company/wh8jwaw
聚熱企業股份有限公司,https://www.104.com.tw/company/130d2ye8
三菱綜合材料(株)集團_台神工具股份有限公司,https://www.104.com.tw/company/ao3ud14
緯華企業股份有限公司,https://www.104.com.tw/company/pod1xq8
亞得利股份有限公司,https://www.104.com.tw/company/d5irzgg
煌傑金屬複合材料科技股份有限公司,https://www.104.com.tw/company/ad1dthc
良豪工業股份有限公司,https://www.104.com.tw/company/o3q3b4o
樺瑩集團_樺瑩企業股份有限公司,https://www.104.com.tw/company/5ldp8nk
"SKF Taiwan Co., Ltd._斯凱孚股份有限公司",https://www.104.com.tw/company/ao39j14
上鎧鋼鐵股份有限公司,https://www.104.com.tw/company/1a2x6bjwaa
正代機械股份有限公司,https://www.104.com.tw/company/agwp5y8
慶橋實業有限公司,https://www.104.com.tw/company/157cb3ds
典璋實業股份有限公司,https://www.104.com.tw/company/a4zu4e8
綺益彩印科技股份有限公司,https://www.104.com.tw/company/a9x0fzs
品秀科技股份有限公司,https://www.104.com.tw/company/ac5l3ls
緯廷企業股份有限公司,https://www.104.com.tw/company/1a2x6bj0vx
旺瑲股份有限公司,https://www.104.com.tw/company/10upo8uw
賓三得利台灣股份有限公司,https://www.104.com.tw/company/1a2x6bmw1h
普艾斯有限公司,https://www.104.com.tw/company/1a2x6bjpes
東岱股份有限公司,https://www.104.com.tw/company/nkvcup4
翰柏企業股份有限公司,https://www.104.com.tw/company/pl7cm5s
沅亨興業股份有限公司,https://www.104.com.tw/company/a8541y8
合錩國際股份有限公司,https://www.104.com.tw/company/1a2x6bka8m
惠洋工業股份有限公司,https://www.104.com.tw/company/1a2x6bk3ja
川奇機械股份有限公司,https://www.104.com.tw/company/ro5ga4o
常琪鋁業股份有限公司,https://www.104.com.tw/company/1557v3mg
嘉典工業股份有限公司,https://www.104.com.tw/company/154eo8ls
台塑出光特用化學品股份有限公司,https://www.104.com.tw/company/1a2x6bjn9e
群瑞股份有限公司,https://www.104.com.tw/company/1a2x6bi2x5
福基創新材料股份有限公司,https://www.104.com.tw/company/27ia0cg
尚福企業股份有限公司,https://www.104.com.tw/company/1a2x6bjzr6
歐普仕化學科技股份有限公司,https://www.104.com.tw/company/10tnx4m8
晶傑精機有限公司,https://www.104.com.tw/company/5t36ufc
德宙佑電股份有限公司,https://www.104.com.tw/company/12o9xvhs
萱裕工業股份有限公司,https://www.104.com.tw/company/fu4vma8
瑞昶貿易股份有限公司,https://www.104.com.tw/company/1zadojs
新加坡商羅聖股份有限公司台灣分公司,https://www.104.com.tw/company/auz6urc
立康興業有限公司,https://www.104.com.tw/company/7kavoeo
開放電子有限公司,https://www.104.com.tw/company/cs470rc
兆陽科技股份有限公司,https://www.104.com.tw/company/ckpqrrs
嘉里大榮物流關係企業_嘉里冷鏈設備股份有限公司,https://www.104.com.tw/company/1a2x6biqwu
久鋒國際企業股份有限公司,https://www.104.com.tw/company/7k4m74g
全崴科技股份有限公司,https://www.104.com.tw/company/4bqhkhk
永銳精密有限公司,https://www.104.com.tw/company/d4f3iaw
新虎將機械工業股份有限公司,https://www.104.com.tw/company/151a4yxc
樺勝環保事業股份有限公司,https://www.104.com.tw/company/1a2x6bkrff
大鈁金屬企業有限公司,https://www.104.com.tw/company/13owubsg
長輝事業股份有限公司,https://www.104.com.tw/company/1a2x6bjvin
東煜企業股份有限公司,https://www.104.com.tw/company/15512xi0
惠答工業有限公司,https://www.104.com.tw/company/fwizka0
泓揚精密工業股份有限公司,https://www.104.com.tw/company/1a2x6bky1g
威宇精密股份有限公司,https://www.104.com.tw/company/1a2x6bjnwf
謙伸工業股份有限公司,https://www.104.com.tw/company/1a2x6bi2rk
磐采股份有限公司,https://www.104.com.tw/company/7oa4ttc
聯盟包裝企業股份有限公司,https://www.104.com.tw/company/b0otl7s
鑫興鋁業股份有限公司,https://www.104.com.tw/company/1a2x6bi35n
雲乳食品科技股份有限公司,https://www.104.com.tw/company/10v74ea8
層層包裝事業股份有限公司,https://www.104.com.tw/company/fu9xsxc
藍鯨國際科技股份有限公司,https://www.104.com.tw/company/5u4ki3k
民生食品工業股份有限公司,https://www.104.com.tw/company/rru8zu8
順靖企業有限公司,https://www.104.com.tw/company/d4d8pzc
安石鋼管股份有限公司,https://www.104.com.tw/company/12p0dckw
佑達精密企業有限公司,https://www.104.com.tw/company/ciuoah4
暐晟工業股份有限公司,https://www.104.com.tw/company/gnkop34
興力股份有限公司,https://www.104.com.tw/company/12zw5piw
冠邦玻璃股份有限公司,https://www.104.com.tw/company/12rjs6hk
水興實業股份有限公司,https://www.104.com.tw/company/aru2cf4
禾益佳股份有限公司,https://www.104.com.tw/company/1a2x6bimm9
臻禾興業有限公司,https://www.104.com.tw/company/18qwgya8
台灣骨王生技股份有限公司,https://www.104.com.tw/company/1a2x6bk2zy
恆橋產業股份有限公司,https://www.104.com.tw/company/13ktztqw
東方包裝股份有限公司,https://www.104.com.tw/company/1572j9hl
飛斯妥股份有限公司,https://www.104.com.tw/company/11a187o8
高普機械有限公司,https://www.104.com.tw/company/13jw7ovs
臺灣熱流科技股份有限公司,https://www.104.com.tw/company/156cv8ts
台灣荒川化學工業股份有限公司,https://www.104.com.tw/company/1a2x6bkox7
剛鈺股份有限公司,https://www.104.com.tw/company/1a2x6bk3vn
亞星健康科技有限公司,https://www.104.com.tw/company/cksjf88
電贏行電子股份有限公司,https://www.104.com.tw/company/155stbmo
立達鋼鐵股份有限公司,https://www.104.com.tw/company/a6wprdc
瑋祥機械股份有限公司,https://www.104.com.tw/company/18kp4i9k
原津工業股份有限公司,https://www.104.com.tw/company/an5mn7k
尚園科技股份有限公司,https://www.104.com.tw/company/7jjengw
京凱企業有限公司,https://www.104.com.tw/company/159o4e2g
智茂科技有限公司,https://www.104.com.tw/company/12qxw1sw
銘祥科技實業股份有限公司,https://www.104.com.tw/company/d3tomrc
利紳科技股份有限公司,https://www.104.com.tw/company/1a2x6blpty
鴻源麵包有限公司,https://www.104.com.tw/company/omzot4w
同承有限公司,https://www.104.com.tw/company/cwx7giw
紘成綠能科技股份有限公司,https://www.104.com.tw/company/bhix2rc
昱倫生物科技股份有限公司,https://www.104.com.tw/company/10xn5aj4
翌強拉鏈股份有限公司,https://www.104.com.tw/company/1a2x6bkp9h
乾亨不銹鋼股份有限公司,https://www.104.com.tw/company/5xmd46w
愛物科技股份有限公司,https://www.104.com.tw/company/1a2x6bjmgu
有美股份有限公司,https://www.104.com.tw/company/vc4mwuo
彰彬工業股份有限公司,https://www.104.com.tw/company/r7kyceg
台灣積水化成品股份有限公司,https://www.104.com.tw/company/e77a0x4
幸鑫食品工業股份有限公司,https://www.104.com.tw/company/1a2x6bk2dm
中外儀器股份有限公司,https://www.104.com.tw/company/1em132w
台刃精密工業有限公司,https://www.104.com.tw/company/12zphpv4
潤雅生技股份有限公司,https://www.104.com.tw/company/1a2x6biqdp
頂金有限公司,https://www.104.com.tw/company/110u0n7s
浩昇開發科技股份有限公司,https://www.104.com.tw/company/1139tsww
品正機械工業股份有限公司,https://www.104.com.tw/company/poy2lp4
福氣食品有限公司,https://www.104.com.tw/company/112fbm6w
瑞士商柏泰有限公司台灣分公司,https://www.104.com.tw/company/13kav7mg
Bosch_博世力士樂股份有限公司,https://www.104.com.tw/company/5fj9jcg
加銘鋼鐵工業股份有限公司,https://www.104.com.tw/company/a5h2rrc
聚惠工業股份有限公司,https://www.104.com.tw/company/14q6bg9c
永紡企業股份有限公司,https://www.104.com.tw/company/13tbg848
欣欣龍精密工業有限公司,https://www.104.com.tw/company/602fdtk
鼎隆工業股份有限公司,https://www.104.com.tw/company/bioppfc
信孚壓鑄企業股份有限公司,https://www.104.com.tw/company/kpu2vpc
月村科技股份有限公司,https://www.104.com.tw/company/7krdj9k
震錩塑膠機械廠股份有限公司,https://www.104.com.tw/company/asu6xeo
慶家食品有限公司,https://www.104.com.tw/company/bhwvv2g
創視紀科技股份有限公司,https://www.104.com.tw/company/18prb8go
福陽企業股份有限公司,https://www.104.com.tw/company/1515gjnk
承德科技股份有限公司,https://www.104.com.tw/company/5rljyuo
三加產業股份有限公司,https://www.104.com.tw/company/1a2x6bk3ib
熱映光電股份有限公司,https://www.104.com.tw/company/wffics0
研成股份有限公司,https://www.104.com.tw/company/wgoh15k
聞祺企業有限公司,https://www.104.com.tw/company/311ocp4
中光電智能物流股份有限公司,https://www.104.com.tw/company/1a2x6bmg16
城紹科技股份有限公司,https://www.104.com.tw/company/k2tub3k
力固工業股份有限公司,https://www.104.com.tw/company/k41g47s
濟生股份有限公司,https://www.104.com.tw/company/1z9ydmg
長廣精機股份有限公司,https://www.104.com.tw/company/1a2x6bmvih
博揚機械有限公司,https://www.104.com.tw/company/d5e5yls
帝固鑽石企業有限公司,https://www.104.com.tw/company/w4ahip4
金昌隆企業股份有限公司,https://www.104.com.tw/company/1a2x6bjlq6
亞台富士精機股份有限公司,https://www.104.com.tw/company/7dyj7og
寬豐工業股份有限公司,https://www.104.com.tw/company/gi9uywg
員彰金屬工業股份有限公司,https://www.104.com.tw/company/an901kw
永森家具系統有限公司,https://www.104.com.tw/company/aam4914
羽璇國際有限公司,https://www.104.com.tw/company/b8xoczc
燦和食品工業股份有限公司,https://www.104.com.tw/company/12c84mtc
台灣新吉利衛浴設備股份有限公司,https://www.104.com.tw/company/15413wcw
森昌有限公司,https://www.104.com.tw/company/ambvgpk
億揚金屬工業有限公司,https://www.104.com.tw/company/fqi4228
中央炭素股份有限公司,https://www.104.com.tw/company/1eogx48
億勝企業有限公司,https://www.104.com.tw/company/1a2x6biukg
勝榮鞋業股份有限公司,https://www.104.com.tw/company/r8tt4cg
健源工業股份有限公司,https://www.104.com.tw/company/5z3v8gw
三豪橡膠股份有限公司,https://www.104.com.tw/company/13vqa8ds
美達科技股份有限公司,https://www.104.com.tw/company/60wvdu8
法達時尚有限公司,https://www.104.com.tw/company/ct7653s
羽泰國際實業股份有限公司,https://www.104.com.tw/company/cksn69c
倫特股份有限公司,https://www.104.com.tw/company/amu7veg
"ROCA Taiwan Co., Ltd_台灣樂家衛浴股份有限公司",https://www.104.com.tw/company/12ntjx2g
沛斯可有限公司,https://www.104.com.tw/company/1a2x6bihxa
承化實業股份有限公司,https://www.104.com.tw/company/a78onps
林德勝製罐機械股份有限公司,https://www.104.com.tw/company/r8wae2w
國愷興業股份有限公司,https://www.104.com.tw/company/1545qe6o
泛泰石英股份有限公司,https://www.104.com.tw/company/1a2x6bmeyg
敬昕工業有限公司,https://www.104.com.tw/company/1a2x6bl1vy
駿瀚生化股份有限公司,https://www.104.com.tw/company/awclpc8
富騰國際實業股份有限公司,https://www.104.com.tw/company/1a2x6bjoty
旺進股份有限公司,https://www.104.com.tw/company/1a2x6bmq9h
建山機械企業股份有限公司,https://www.104.com.tw/company/jc58zmo
騏宏科技股份有限公司,https://www.104.com.tw/company/odofhrk
台灣三帆製藥科技股份有限公司,https://www.104.com.tw/company/18s8x56g
賢德鋼鐵股份有限公司,https://www.104.com.tw/company/7nvic40
鶴見製作所股份有限公司,https://www.104.com.tw/company/ec0dcuo
飛泰貿易有限公司,https://www.104.com.tw/company/20a13hc
凱益股份有限公司,https://www.104.com.tw/company/loc4p8g
億萊富國際股份有限公司,https://www.104.com.tw/company/5ulwa48
智強科技精密股份有限公司,https://www.104.com.tw/company/10rb81n4
合茂食品有限公司,https://www.104.com.tw/company/1a2x6bjkn1
翔定興業有限公司,https://www.104.com.tw/company/18ihnb6g
匠普系統工程股份有限公司,https://www.104.com.tw/company/155ofvf4
創華股份有限公司,https://www.104.com.tw/company/12qakbv4
威舜股份有限公司,https://www.104.com.tw/company/1a2x6bj4z4
仁德國際股份有限公司,https://www.104.com.tw/company/1a2x6bjptr
技詮科技有限公司,https://www.104.com.tw/company/1a2x6bkyvb
新萬仁化學製藥股份有限公司,https://www.104.com.tw/company/peyb32g
則宥興業有限公司,https://www.104.com.tw/company/1a2x6bjsu8
湧傑企業股份有限公司,https://www.104.com.tw/company/12szmmm8
僑隆機械有限公司,https://www.104.com.tw/company/12txrh1k
彰慶企業股份有限公司,https://www.104.com.tw/company/r8i2pk0
永興祥木業股份有限公司,https://www.104.com.tw/company/xk2m91s
壹得昶國際有限公司,https://www.104.com.tw/company/d0rur94
圓科股份有限公司,https://www.104.com.tw/company/1a2x6blhri
長益鐵工廠股份有限公司,https://www.104.com.tw/company/g5z0zmw
美祺企業股份有限公司,https://www.104.com.tw/company/7nonyig
永猷股份有限公司,https://www.104.com.tw/company/a7vorg0
碳基科技股份有限公司,https://www.104.com.tw/company/d4rcrc0
金萬財股份有限公司,https://www.104.com.tw/company/14zw4g94
鈦郁工業股份有限公司,https://www.104.com.tw/company/18hrumb4
榮憶橡膠工業股份有限公司,https://www.104.com.tw/company/1by33ps
品山有限公司,https://www.104.com.tw/company/1a2x6bkq53
唯運企業股份有限公司,https://www.104.com.tw/company/27rkggw
益生生技開發股份有限公司,https://www.104.com.tw/company/weqzc74
祥益金屬股份有限公司,https://www.104.com.tw/company/cxcxcfs
則葳實業有限公司,https://www.104.com.tw/company/13o4y9yg
今騰工業股份有限公司,https://www.104.com.tw/company/gkvxoyw
鍇榮實業股份有限公司,https://www.104.com.tw/company/aqt2xv4
揚鶴國際股份有限公司,https://www.104.com.tw/company/12tbn5ls
全巨工業股份有限公司,https://www.104.com.tw/company/5nd4aiw
千森機械企業有限公司,https://www.104.com.tw/company/1587oknc
華成鋼模股份有限公司,https://www.104.com.tw/company/adn7dko
醫盟實業有限公司,https://www.104.com.tw/company/7onftn4
中材國際股份有限公司,https://www.104.com.tw/company/b4obxn4
陽寶股份有限公司,https://www.104.com.tw/company/al01y68
弘普自動化科技有限公司,https://www.104.com.tw/company/119xv43s
傻師傅食品有限公司,https://www.104.com.tw/company/1a2x6bj1f4
建宇國際塑膠有限公司,https://www.104.com.tw/company/110512yg
香岳實業股份有限公司,https://www.104.com.tw/company/18kqykco
人冠遊艇股份有限公司,https://www.104.com.tw/company/aaap3c0
章洧科技股份有限公司,https://www.104.com.tw/company/1a2x6bmpk4
凱統工業股份有限公司,https://www.104.com.tw/company/12nwmwfs
聯恆精密機械股份有限公司,https://www.104.com.tw/company/7shi9lk
岳生生技股份有限公司,https://www.104.com.tw/company/1a2x6bkqod
鴻錡興業股份有限公司,https://www.104.com.tw/company/b85me6o
東虹綠能環保科技股份有限公司,https://www.104.com.tw/company/cqku1ug
亞比斯循環科技股份有限公司,https://www.104.com.tw/company/cqn5ksg
國博工業有限公司,https://www.104.com.tw/company/cnjbu3c
興夆有限公司,https://www.104.com.tw/company/18scnyko
沅珅科技有限公司,https://www.104.com.tw/company/cq57sc0
視茂股份有限公司,https://www.104.com.tw/company/d9qb614
宥盛科技股份有限公司,https://www.104.com.tw/company/bifk600
金巨弘科技有限公司,https://www.104.com.tw/company/1a2x6bmuxu
新夢想系統櫥櫃股份有限公司,https://www.104.com.tw/company/1a2x6bj5yg
巨茂科技印刷有限公司,https://www.104.com.tw/company/12zimz5c
王笙有限公司,https://www.104.com.tw/company/7qb5nxk
鑫達精密科技有限公司,https://www.104.com.tw/company/1a2x6bk1gb
恆星氫能科技股份有限公司,https://www.104.com.tw/company/1a2x6blxvk
精永立工業股份有限公司,https://www.104.com.tw/company/1a2x6blz05
暐肯照明有限公司,https://www.104.com.tw/company/db2r1co
東正汽車有限公司,https://www.104.com.tw/company/alwsol4
富本橡膠工業股份有限公司,https://www.104.com.tw/company/5rad0og
台灣力森諾科材料股份有限公司,https://www.104.com.tw/company/a5j34p4
台灣武藤科技股份有限公司,https://www.104.com.tw/company/whq8x68
盛穎精密股份有限公司,https://www.104.com.tw/company/1a2x6bmuu2
合記化學股份有限公司,https://www.104.com.tw/company/10csyl0o
環貫綠佳利股份有限公司,https://www.104.com.tw/company/10zym6gg
佳美欣業有限公司,https://www.104.com.tw/company/7g673i8
宇昱實業股份有限公司,https://www.104.com.tw/company/o36e1y8
界龍工業股份有限公司,https://www.104.com.tw/company/1a2x6bi0pm
永誠工業股份有限公司,https://www.104.com.tw/company/1g3o3a8
台灣精密工具股份有限公司,https://www.104.com.tw/company/5gx55bk
桑崎實業股份有限公司,https://www.104.com.tw/company/7g1wy4g
恆錩股份有限公司,https://www.104.com.tw/company/7f8p22g
三春機械股份有限公司,https://www.104.com.tw/company/gl7hyb4
益在企業股份有限公司,https://www.104.com.tw/company/13g5fso8
萬世盛工程顧問股份有限公司,https://www.104.com.tw/company/5yys1k8
"Viscount Industries CO., ltd_美而光實業股份有限公司",https://www.104.com.tw/company/fihkhwg
亞成電業有限公司,https://www.104.com.tw/company/131g1h4w
安華機電工程股份有限公司,https://www.104.com.tw/company/13oo6xww
北聯研磨科技股份有限公司,https://www.104.com.tw/company/1a2x6biujw
高嘉塑膠股份有限公司,https://www.104.com.tw/company/axm1t14
中日流體傳動股份有限公司,https://www.104.com.tw/company/agu5ikg
允暢五金工具股份有限公司,https://www.104.com.tw/company/r8ix608
千竣科技有限公司,https://www.104.com.tw/company/1a2x6bixg5
普惠醫工股份有限公司,https://www.104.com.tw/company/aoemjkg
春星工業股份有限公司,https://www.104.com.tw/company/13dmu78g
台瀛造漆工業股份有限公司,https://www.104.com.tw/company/vtq56bc
頌勝科技材料股份有限公司,https://www.104.com.tw/company/a7o3bb4
永成峯工程企業股份有限公司,https://www.104.com.tw/company/18jvloow
傑出材料科技股份有限公司,https://www.104.com.tw/company/cjpghjc
仕懋股份有限公司,https://www.104.com.tw/company/2d9tw00
好邦科技股份有限公司,https://www.104.com.tw/company/fp4l43s
超速冷凍工業股份有限公司,https://www.104.com.tw/company/1a2x6bkgd0
飛陞電器工程興業有限公司,https://www.104.com.tw/company/7s9n0u8
壽元化學工業股份有限公司,https://www.104.com.tw/company/ugazenc
乾唐軒美術工藝股份有限公司,https://www.104.com.tw/company/a8a38kg
台灣芝浦先進科技股份有限公司,https://www.104.com.tw/company/7qxayv4
國科生技製藥股份有限公司,https://www.104.com.tw/company/10uo8ujs
鑫茂機械工業股份有限公司,https://www.104.com.tw/company/5z65388
台灣業旺股份有限公司,https://www.104.com.tw/company/azgmd9k
精工碳素股份有限公司,https://www.104.com.tw/company/adwe9m0
台穩精密工業股份有限公司,https://www.104.com.tw/company/aa6x8wg
益恆科技股份有限公司,https://www.104.com.tw/company/1a2x6bm2a1
呷七碗_嘉義食品工業股份有限公司,https://www.104.com.tw/company/13uvmrug
谷綠林股份有限公司,https://www.104.com.tw/company/1a2x6biayt
金耀工業股份有限公司,https://www.104.com.tw/company/a5uyii0
富翔電機有限公司,https://www.104.com.tw/company/7dgv37s
宜益股份有限公司,https://www.104.com.tw/company/f878mdc
國郁企業股份有限公司,https://www.104.com.tw/company/13ydzih4
府城事業有限公司,https://www.104.com.tw/company/1a2x6bj3iv
至得應用材料股份有限公司,https://www.104.com.tw/company/112ixaeg
大云股份有限公司,https://www.104.com.tw/company/r8piv3s
順噠實業股份有限公司,https://www.104.com.tw/company/r8xtfk8
展聖企業股份有限公司,https://www.104.com.tw/company/an6zxwg
誠鋒興業股份有限公司,https://www.104.com.tw/company/ohfm2iw
立泰預拌混凝土工業股份有限公司,https://www.104.com.tw/company/1a2x6bjkeb
海富實業股份有限公司,https://www.104.com.tw/company/clrmk80
大詳有限公司,https://www.104.com.tw/company/10t9eg9c
亞格齒輪企業股份有限公司,https://www.104.com.tw/company/10z0g4tk
青盟股份有限公司,https://www.104.com.tw/company/ammp0mo
固品塑膠工業股份有限公司,https://www.104.com.tw/company/155db3y8
三鉢紙業有限公司,https://www.104.com.tw/company/1a2x6bidcs
保證責任臺灣省嘉南羊乳運銷合作社,https://www.104.com.tw/company/2w600rs
喬集應用材料股份有限公司,https://www.104.com.tw/company/bjbyu00
久藝塑膠工業股份有限公司,https://www.104.com.tw/company/10wb5qeg
泳常股份有限公司,https://www.104.com.tw/company/12tzlj4o
博翊機械工業有限公司,https://www.104.com.tw/company/z48qc00
金協鑫科技股份有限公司,https://www.104.com.tw/company/1a2x6bkku0
東來服飾開發有限公司,https://www.104.com.tw/company/aurw5yw
崇銘紡織企業有限公司,https://www.104.com.tw/company/1a2x6bklju
華星樂器製造股份有限公司,https://www.104.com.tw/company/o5rw46w
合雄工業股份有限公司,https://www.104.com.tw/company/11am2yog
藍諠實業有限公司,https://www.104.com.tw/company/13shgweo
榮華機械廠股份有限公司,https://www.104.com.tw/company/adgz8wg
巨倫機械股份有限公司,https://www.104.com.tw/company/1a2x6bj2qo
臺灣納米科技股份有限公司,https://www.104.com.tw/company/5vfsl14
明興皮革股份有限公司,https://www.104.com.tw/company/plz63eg
燕子牌_臺益工業股份有限公司,https://www.104.com.tw/company/komn81c
健永生技股份有限公司,https://www.104.com.tw/company/10vd8v0g
人人化學製藥股份有限公司,https://www.104.com.tw/company/e61gsnc
宗珀股份有限公司,https://www.104.com.tw/company/aj309ls
卓蓉實業有限公司,https://www.104.com.tw/company/12q6swv4
村露國際有限公司_江鳥咖啡_蕎拉燕麥,https://www.104.com.tw/company/1a2x6bjmx5
阿沙企業有限公司,https://www.104.com.tw/company/bki0tuw
睿而立工業股份有限公司,https://www.104.com.tw/company/12yflryg
加久企業股份有限公司,https://www.104.com.tw/company/o75zeeg
凡響企業有限公司,https://www.104.com.tw/company/1a2x6bjoiq
新麥企業股份有限公司,https://www.104.com.tw/company/5q308eo
椿長股份有限公司,https://www.104.com.tw/company/al5mi2w
台強電機股份有限公司,https://www.104.com.tw/company/ah2vbmw
宏洋精密工業股份有限公司,https://www.104.com.tw/company/odchwhk
力中國際有限公司,https://www.104.com.tw/company/7i06i60
理盛精密科技股份有限公司,https://www.104.com.tw/company/wjphqi8
順豐企業股份有限公司,https://www.104.com.tw/company/1a2x6blbvc
澤利實業有限公司,https://www.104.com.tw/company/acoja8w
瑞德企業有限公司,https://www.104.com.tw/company/7gyb55c
東鎮金屬工業股份有限公司,https://www.104.com.tw/company/7r9ipvs
鋐輪工業股份有限公司,https://www.104.com.tw/company/13s15688
永立聖生技有限公司,https://www.104.com.tw/company/5wfeuao
玉峰美術印刷股份有限公司,https://www.104.com.tw/company/wfs4g00
竹葉屋製菓有限公司,https://www.104.com.tw/company/1a2x6bk1qe
吉徑科技股份有限公司,https://www.104.com.tw/company/5wcli5c
恆祥龍實業股份有限公司,https://www.104.com.tw/company/18l0rfa8
味鴻食品股份有限公司,https://www.104.com.tw/company/1a2x6bjmtn
友誌金屬股份有限公司,https://www.104.com.tw/company/a65kozk
百納科技股份有限公司,https://www.104.com.tw/company/aaf60jk
三鼎生物科技股份有限公司,https://www.104.com.tw/company/1a2x6bjwqh
勝瓏數位科技包裝有限公司,https://www.104.com.tw/company/2nunun4
汎得自動化企業股份有限公司,https://www.104.com.tw/company/al2o65c
安盛精密工業股份有限公司,https://www.104.com.tw/company/18ncywrs
麗聲育樂器材有限公司,https://www.104.com.tw/company/1ntoa1c
彰化鍊水科技股份有限公司,https://www.104.com.tw/company/r41018o
造鑫企業有限公司,https://www.104.com.tw/company/2b3jht4
九品股份有限公司,https://www.104.com.tw/company/13tuq5lk
元証企業有限公司,https://www.104.com.tw/company/csn54bc
浚利鋼鐵材料股份有限公司,https://www.104.com.tw/company/1a2x6biv0d
科宏工業股份有限公司,https://www.104.com.tw/company/o4uujcg
俊儒企業有限公司,https://www.104.com.tw/company/18pybp74
龍業百起股份有限公司,https://www.104.com.tw/company/1a2x6bj0w0
六星機械工業股份有限公司,https://www.104.com.tw/company/r6k1q5k
科森複合材料股份有限公司,https://www.104.com.tw/company/oix0wqw
暉信企業有限公司,https://www.104.com.tw/company/7ggtonk
昶穩機械工業有限公司,https://www.104.com.tw/company/5wcnk80
曜良實業股份有限公司,https://www.104.com.tw/company/3j4jp8w
訊映光電股份有限公司,https://www.104.com.tw/company/cm1cyf4
上禾味食品有限公司,https://www.104.com.tw/company/1a2x6binsc
南科大科技股份有限公司,https://www.104.com.tw/company/1a2x6biswj
聯友先進材料股份有限公司,https://www.104.com.tw/company/1a2x6bm0dl
裕隆集團關係企業_穎西工業股份有限公司,https://www.104.com.tw/company/fh8fbq8
國嘉製藥工業股份有限公司,https://www.104.com.tw/company/adpnpcw
敏成股份有限公司,https://www.104.com.tw/company/1a2x6bm2tq
喬麥屋企業有限公司,https://www.104.com.tw/company/fxat2ag
思特材料股份有限公司,https://www.104.com.tw/company/1a2x6bimqj
世茂電子分色製版有限公司,https://www.104.com.tw/company/13s7coiw
前鋒自動化股份有限公司,https://www.104.com.tw/company/13qj3ee0
激力股份有限公司,https://www.104.com.tw/company/1a2x6blfup
勝暉化成股份有限公司,https://www.104.com.tw/company/20hcff4
精中電企業有限公司,https://www.104.com.tw/company/7ha75bs
中一五金股份有限公司,https://www.104.com.tw/company/9j0dqbc
上貿科技股份有限公司,https://www.104.com.tw/company/1a2x6bi4je
羅鐵機械股份有限公司,https://www.104.com.tw/company/ggpcixk
輝洋有限公司,https://www.104.com.tw/company/ajsdm08
寶格工業股份有限公司,https://www.104.com.tw/company/5nprfk0
承徽機械有限公司,https://www.104.com.tw/company/18sb07c8
台灣廣田食品股份有限公司,https://www.104.com.tw/company/aesvqow
璿智國際寵物科技有限公司,https://www.104.com.tw/company/ohbszc8
鑄將企業有限公司,https://www.104.com.tw/company/12vxb0y8
建旭工業股份有限公司,https://www.104.com.tw/company/3j81680
慶閎企業有限公司,https://www.104.com.tw/company/1a2x6bmiy1
佳鈦工業股份有限公司,https://www.104.com.tw/company/aswm85k
德豐銘國際股份有限公司,https://www.104.com.tw/company/12puqzq0
北杉化學股份有限公司,https://www.104.com.tw/company/a5jgdjs
亞美食品有限公司,https://www.104.com.tw/company/10rbi17k
亞伸貿易有限公司,https://www.104.com.tw/company/4c94y8o
法興耐火材料工業股份有限公司,https://www.104.com.tw/company/at4il1c
璟華印刷股份有限公司,https://www.104.com.tw/company/18r12eaw
味特生物科技股份有限公司,https://www.104.com.tw/company/cxkhef4
弘如企業有限公司,https://www.104.com.tw/company/18nkzols
邦查工業股份有限公司,https://www.104.com.tw/company/18mbjors
崇裕科技股份有限公司,https://www.104.com.tw/company/a6zsm40
雙鏌工業股份有限公司,https://www.104.com.tw/company/7gmz3c0
聖久企業有限公司,https://www.104.com.tw/company/1a2x6bibf4
台灣金剛錮鎂股份有限公司,https://www.104.com.tw/company/1388pk6o
鉅邦醫材股份有限公司,https://www.104.com.tw/company/18qre6t4
厚誼工程有限公司,https://www.104.com.tw/company/d415r14
昇達橡膠企業股份有限公司,https://www.104.com.tw/company/3iokzfk
大信強化塑膠股份有限公司,https://www.104.com.tw/company/ygj62eo
全懋精機股份有限公司,https://www.104.com.tw/company/royh2s8
逢霖工業有限公司,https://www.104.com.tw/company/arj9srk
高益企業股份有限公司,https://www.104.com.tw/company/13nxeneo
六鑫股份有限公司,https://www.104.com.tw/company/aylz9ug
台灣光罩子公司_百樂千翔能源股份有限公司,https://www.104.com.tw/company/1a2x6bkcmx
非石實業股份有限公司,https://www.104.com.tw/company/13nvq6pk
大展電線電纜股份有限公司,https://www.104.com.tw/company/2b3awe8
華旭化工廠,https://www.104.com.tw/company/100b52yw
正泰精密工業有限公司,https://www.104.com.tw/company/acylyko
秦偉電機股份有限公司,https://www.104.com.tw/company/10so46m0
帝科有限公司,https://www.104.com.tw/company/5uycls0
全廣食品有限公司,https://www.104.com.tw/company/a54x54o
明模工業股份有限公司,https://www.104.com.tw/company/x3w4zj4
廣鴻電機廠股份有限公司,https://www.104.com.tw/company/gjaecao
舜堡興業股份有限公司,https://www.104.com.tw/company/12u0erlk
七海電業股份有限公司,https://www.104.com.tw/company/10akvsxc
東洋實心胎股份有限公司,https://www.104.com.tw/company/alhdu1s
長春藤生命科學股份有限公司,https://www.104.com.tw/company/10ytzk4w
營光興業股份有限公司,https://www.104.com.tw/company/azwjbt4
鑫霸企業股份有限公司,https://www.104.com.tw/company/actmls8
萬盟精機股份有限公司,https://www.104.com.tw/company/b59zx48
碩譽電機股份有限公司,https://www.104.com.tw/company/aodkzps
益訊機電工程行,https://www.104.com.tw/company/1a2x6bl53u
通利精密工業股份有限公司,https://www.104.com.tw/company/aaklxs8
天鋼事業股份有限公司,https://www.104.com.tw/company/1a2x6binx2
元和崗機電工程股份有限公司,https://www.104.com.tw/company/1a2x6bkf8z
進期科技股份有限公司,https://www.104.com.tw/company/7rb1ni8
源利電磁工業股份有限公司,https://www.104.com.tw/company/1a2x6blle0
葳仂特國際股份有限公司,https://www.104.com.tw/company/1a2x6bju9v
科展材料科技股份有限公司,https://www.104.com.tw/company/1a2x6bkaon
斯登科股份有限公司,https://www.104.com.tw/company/1a2x6bj8f5
禾光機械有限公司,https://www.104.com.tw/company/1a2x6bm1by
英辰食品有限公司,https://www.104.com.tw/company/dd6kms8
弘國科技股份有限公司,https://www.104.com.tw/company/1a2x6blbt6
晏邦電機工業有限公司,https://www.104.com.tw/company/2ohncrk
太聯股份有限公司,https://www.104.com.tw/company/1a2x6blm05
興銘工業股份有限公司,https://www.104.com.tw/company/mu46rq0
瑞商實業股份有限公司,https://www.104.com.tw/company/13qa53rk
星菱縫機股份有限公司,https://www.104.com.tw/company/asnl24w
肯忠五金有限公司,https://www.104.com.tw/company/13k4z5d4
得發國際實業股份有限公司,https://www.104.com.tw/company/7i8ahqo
茂生食品股份有限公司,https://www.104.com.tw/company/1a2x6blom4
豪力輝工業股份有限公司,https://www.104.com.tw/company/o8gog5c
新蓬萊食品股份有限公司,https://www.104.com.tw/company/clgq2lc
鑫揚興實業股份有限公司,https://www.104.com.tw/company/12w95pag
特耐第國際有限公司,https://www.104.com.tw/company/cpqdtc8
榮洲食品股份有限公司,https://www.104.com.tw/company/1a2x6bip8a
東聚國際食品有限公司,https://www.104.com.tw/company/1a2x6bkar4
台灣荃新股份有限公司,https://www.104.com.tw/company/wghmwtc
加捷生醫股份有限公司,https://www.104.com.tw/company/152rixig
威全機械工業股份有限公司,https://www.104.com.tw/company/o7vfknk
映瑞工業股份有限公司,https://www.104.com.tw/company/aclqkh4
美樂迪股份有限公司,https://www.104.com.tw/company/12pnhea8
光正股份有限公司,https://www.104.com.tw/company/dl1vff4
台灣不二工機股份有限公司,https://www.104.com.tw/company/aesdprs
同順精密工業股份有限公司,https://www.104.com.tw/company/151oula8
旗津窯文化藝術股份有限公司,https://www.104.com.tw/company/chyrvvs
東新工業股份有限公司,https://www.104.com.tw/company/12uiiwg8
若林企業股份有限公司,https://www.104.com.tw/company/7n9hfcw
科勝科技股份有限公司,https://www.104.com.tw/company/aq12bog
永根機械股份有限公司,https://www.104.com.tw/company/13ppb960
嘉大企業股份有限公司,https://www.104.com.tw/company/1a2x6bmle8
印比雅實業股份有限公司,https://www.104.com.tw/company/crbjmcw
易廷企業有限公司,https://www.104.com.tw/company/1a2x6bjad9
吉維那環保科技股份有限公司,https://www.104.com.tw/company/od8so6w
正言權業不銹鋼有限公司,https://www.104.com.tw/company/k6wdja0
冠亞生技股份有限公司,https://www.104.com.tw/company/5wwaezc
慶達實業有限公司,https://www.104.com.tw/company/1a2x6bjrc7
杉信實業股份有限公司,https://www.104.com.tw/company/ghipuz4
公源藥品股份有限公司,https://www.104.com.tw/company/f9lw2ns
鈺達工業股份有限公司,https://www.104.com.tw/company/13ls2nn4
Rosa 羅撒食品_佳糧股份有限公司,https://www.104.com.tw/company/asxwkd4
銘安科技股份有限公司,https://www.104.com.tw/company/10r2p49c
英騰吉德科技股份有限公司,https://www.104.com.tw/company/1a2x6bkowo
順大電機股份有限公司,https://www.104.com.tw/company/x3sg8zc
祥正電機股份有限公司,https://www.104.com.tw/company/9kcxmp4
遠炬股份有限公司,https://www.104.com.tw/company/1563mols
優勝美染整股份有限公司,https://www.104.com.tw/company/d0d8l4g
皇益紡織股份有限公司,https://www.104.com.tw/company/1526obwo
劦輝企業股份有限公司,https://www.104.com.tw/company/a7vg0mo
泰昇實業有限公司,https://www.104.com.tw/company/12un4vrc
中達橡膠工業股份有限公司,https://www.104.com.tw/company/11bcqvs0
徠碩企業有限公司,https://www.104.com.tw/company/wfi953s
岱勵科技股份有限公司,https://www.104.com.tw/company/we51jbs
彰化振榮油機股份有限公司,https://www.104.com.tw/company/r7rxo8o
東陽穀物股份有限公司,https://www.104.com.tw/company/nm2tzls
全泰科技有限公司,https://www.104.com.tw/company/1112k0sw
大舜照明科技股份有限公司,https://www.104.com.tw/company/1a2x6bl1gt
永賀能源科技股份有限公司,https://www.104.com.tw/company/1a2x6bkxvg
翊聖企業股份有限公司,https://www.104.com.tw/company/156zoek0
日益和股份有限公司,https://www.104.com.tw/company/7nqlpbc
佶鑫琺瑯股份有限公司,https://www.104.com.tw/company/13pgkjow
兆遠鋼鐵股份有限公司,https://www.104.com.tw/company/1a2x6bj7ra
翔勁金屬股份有限公司,https://www.104.com.tw/company/7ksb6oo
松大食品有限公司,https://www.104.com.tw/company/7lxhybc
大輪機械工程股份有限公司,https://www.104.com.tw/company/12nfa45k
嘉泰企業股份有限公司,https://www.104.com.tw/company/8r954fc
龍安工程有限公司,https://www.104.com.tw/company/1a2x6bjnue
金潔明玻璃有限公司,https://www.104.com.tw/company/wgk9lrk
益碁橡膠工業股份有限公司,https://www.104.com.tw/company/biatkso
台美壓克力股份有限公司,https://www.104.com.tw/company/208s7qo
珊嘉杉開發股份有限公司,https://www.104.com.tw/company/1a2x6blbgx
廣穎機械工業股份有限公司,https://www.104.com.tw/company/pnpxwso
琉璃工房志業股份有限公司,https://www.104.com.tw/company/130f5nfs
原林電子股份有限公司,https://www.104.com.tw/company/ftbuy9c
前端離岸風電設備製造股份有限公司,https://www.104.com.tw/company/bijt468
立盈環保科技股份有限公司,https://www.104.com.tw/company/1a2x6bk443
聚鉑精密科技股份有限公司,https://www.104.com.tw/company/1a2x6bjjjt
Johnson Controls Taiwan_台灣江森自控股份有限公司,https://www.104.com.tw/company/7n5keyw
今稜企業股份有限公司,https://www.104.com.tw/company/gjy4vew
淳梓股份有限公司,https://www.104.com.tw/company/7l8rr8w
大昇精密工具股份有限公司,https://www.104.com.tw/company/2prh2fc
勇達工業股份有限公司,https://www.104.com.tw/company/po96liw
晟峰精密工業股份有限公司,https://www.104.com.tw/company/a59fnfs
佳龍科技工程股份有限公司,https://www.104.com.tw/company/18nphxnk
歐強國際有限公司,https://www.104.com.tw/company/1a2x6bmm8u
聖佰企業有限公司,https://www.104.com.tw/company/aa0uznc
智捷能源股份有限公司,https://www.104.com.tw/company/1a2x6bkukf
裕偉精業股份有限公司,https://www.104.com.tw/company/fsw1i9c
釜金有限公司,https://www.104.com.tw/company/1a2x6blsy8
久明科技股份有限公司,https://www.104.com.tw/company/aqlqr28
達詳自動化股份有限公司,https://www.104.com.tw/company/1a2x6blceg
合隆毛廠股份有限公司,https://www.104.com.tw/company/6yc00gw
碩隆精密工業股份有限公司,https://www.104.com.tw/company/13m9ybpk
金車大塚股份有限公司,https://www.104.com.tw/company/18jrvom8
樂事綠能科技股份有限公司,https://www.104.com.tw/company/fpse1n4
遠瞻生活科技股份有限公司,https://www.104.com.tw/company/18o5tu08
翠菓子_豆之家食品科技股份有限公司,https://www.104.com.tw/company/13w0h0uw
鋒汶股份有限公司,https://www.104.com.tw/company/1a2x6bin5s
台灣美強股份有限公司,https://www.104.com.tw/company/5ko289c
東大輪胎_東大工業股份有限公司,https://www.104.com.tw/company/g5zha20
聯興儀器股份有限公司,https://www.104.com.tw/company/5n2z1ls
博通生技股份有限公司,https://www.104.com.tw/company/bileph4
高慶泉股份有限公司,https://www.104.com.tw/company/akg4ul4
韋奕工業股份有限公司,https://www.104.com.tw/company/af6g8c8
程岱有限公司,https://www.104.com.tw/company/7j5u16w
香港商愛賽克工業有限公司台灣分公司,https://www.104.com.tw/company/1a2x6bjifu
廣翊湘有限公司,https://www.104.com.tw/company/1a2x6blx0n
鑫輝工業股份有限公司,https://www.104.com.tw/company/aduqcz4
均英精密工業股份有限公司,https://www.104.com.tw/company/7ghcv8o
廣懿股份有限公司,https://www.104.com.tw/company/5sx64q8
榮富工業股份有限公司,https://www.104.com.tw/company/o3k0lo8
毅德機械股份有限公司,https://www.104.com.tw/company/1a2x6bi167
台灣野村股份有限公司,https://www.104.com.tw/company/a5ht9go
川平鋁業股份有限公司,https://www.104.com.tw/company/1a2x6bljr0
瑞華科技工程有限公司,https://www.104.com.tw/company/1a2x6bjfh4
京都念慈菴藥廠股份有限公司,https://www.104.com.tw/company/8mfcr9c
春雨生醫股份有限公司,https://www.104.com.tw/company/da512f4
台灣島津科學儀器股份有限公司,https://www.104.com.tw/company/1a2x6bky9b
東祐機械股份有限公司,https://www.104.com.tw/company/1a2x6bjy5e
四方乳品工業股份有限公司,https://www.104.com.tw/company/12u989ds
萬國製藥廠股份有限公司,https://www.104.com.tw/company/a8mgbps
元運塑膠機械股份有限公司,https://www.104.com.tw/company/15bqnay0
潭興精工企業有限公司,https://www.104.com.tw/company/131nki2w
春吉股份有限公司,https://www.104.com.tw/company/18infk3c
寶楠生技股份有限公司,https://www.104.com.tw/company/4crs1yo
拓元西服_元凡服裝設計有限公司,https://www.104.com.tw/company/1a2x6bl2qc
台灣西卡股份有限公司,https://www.104.com.tw/company/614nqfk
連合發企業股份有限公司,https://www.104.com.tw/company/1a2x6bkbcr
臻瑤企業股份有限公司,https://www.104.com.tw/company/1a2x6bjfze
原塑實業股份有限公司,https://www.104.com.tw/company/12mglhjc
巨翔金屬股份有限公司,https://www.104.com.tw/company/d5og82w
巨昌金屬股份有限公司,https://www.104.com.tw/company/af3zkzc
新樺鋼鐵工業股份有限公司,https://www.104.com.tw/company/1a2x6bkziq
銘祐實業有限公司,https://www.104.com.tw/company/131lpue0
豐郁實業有限公司,https://www.104.com.tw/company/k6rkw00
偉允閥業股份有限公司,https://www.104.com.tw/company/6gu84yw
璐瑪企業有限公司,https://www.104.com.tw/company/13uxhk60
鉅門企業股份有限公司,https://www.104.com.tw/company/afdg50g
良豐機械股份有限公司,https://www.104.com.tw/company/1a2x6bjjn4
成銘企業有限公司,https://www.104.com.tw/company/12ax6ci8
明根股份有限公司,https://www.104.com.tw/company/1a2x6biopu
立勤鋼鐵股份有限公司,https://www.104.com.tw/company/ppq528o
台灣牙易通股份有限公司,https://www.104.com.tw/company/1a2x6bkxy7
鳳祥紙器有限公司,https://www.104.com.tw/company/13xizijs
信鋐工業股份有限公司,https://www.104.com.tw/company/agqvv88
日崟興業股份有限公司,https://www.104.com.tw/company/wglz9o8
欣昌塑膠股份有限公司,https://www.104.com.tw/company/1a2x6bjqx7
詠琦五金工業股份有限公司,https://www.104.com.tw/company/xulttu8
鐠羅機械股份有限公司,https://www.104.com.tw/company/5x4k0ps
欣瓏實業股份有限公司,https://www.104.com.tw/company/1a2x6bltvg
連淨綠色科技股份有限公司,https://www.104.com.tw/company/1a2x6bju0p
尚穩環保科技股份有限公司,https://www.104.com.tw/company/7pd8x68
洽成興業股份有限公司,https://www.104.com.tw/company/r6wnys0
美強光廣告科技有限公司,https://www.104.com.tw/company/1a2x6bis95
滙歐科技開發股份有限公司,https://www.104.com.tw/company/13p4hq54
聯瑩工藝企業有限公司,https://www.104.com.tw/company/1b3ymtk
晶安有限公司,https://www.104.com.tw/company/18jf6t34
黃朝泰企業股份有限公司,https://www.104.com.tw/company/7dhy5uo
千合承企業有限公司,https://www.104.com.tw/company/1a2x6bl5x9
心誠鎂行動醫電股份有限公司,https://www.104.com.tw/company/1a2x6bjl08
DK時尚精品隔音窗氣密窗_德鎧五金有限公司,https://www.104.com.tw/company/13y0jvzc
麗邑實業股份有限公司,https://www.104.com.tw/company/10qnsbew
商景企業股份有限公司,https://www.104.com.tw/company/13ylrwm0
柏捷科技股份有限公司,https://www.104.com.tw/company/1a2x6bjfkz
丰厚國際有限公司,https://www.104.com.tw/company/1a2x6bmk26
青暘企業股份有限公司,https://www.104.com.tw/company/10qdl2qg
久禾紙器業股份有限公司,https://www.104.com.tw/company/agq5ms8
台超萃取洗淨精機股份有限公司,https://www.104.com.tw/company/ohf4qao
定曜科技股份有限公司,https://www.104.com.tw/company/18p76wug
鴻騰電子股份有限公司,https://www.104.com.tw/company/d8lx6o0
鎬錩實業股份有限公司,https://www.104.com.tw/company/10xy30ww
福隆尖端科技股份有限公司,https://www.104.com.tw/company/xtpf0fs
友上科技股份有限公司,https://www.104.com.tw/company/cp1lwjk
羅得化學製藥股份有限公司,https://www.104.com.tw/company/1a2x6bjn3w
Hyperbola_塞席爾商怡美國際有限公司台灣分公司,https://www.104.com.tw/company/1a2x6blgv5
力勁機械股份有限公司,https://www.104.com.tw/company/10s9bry0
三久行股份有限公司,https://www.104.com.tw/company/awv7zqo
均燁股份有限公司,https://www.104.com.tw/company/1a2x6blpk5
皇廣鑄造發展股份有限公司,https://www.104.com.tw/company/adolko8
福記壓鑄工業股份有限公司,https://www.104.com.tw/company/xtu11ag
達盛機械工程股份有限公司,https://www.104.com.tw/company/aivmq6w
互貴興業股份有限公司,https://www.104.com.tw/company/1a2x6blqkw
國聯機械實業股份有限公司,https://www.104.com.tw/company/apul2aw
歐漾淨水_益銳股份有限公司,https://www.104.com.tw/company/a5p7sdc
昆豪企業股份有限公司,https://www.104.com.tw/company/fimtflk
宏樹企業股份有限公司,https://www.104.com.tw/company/dlfxq9s
台灣生物製劑股份有限公司,https://www.104.com.tw/company/rhua308
協達車料股份有限公司,https://www.104.com.tw/company/fvdcmuw
日東洋企業有限公司,https://www.104.com.tw/company/wfnoqrs
三泰股份有限公司,https://www.104.com.tw/company/13sbdwx4
一陽國際科技股份有限公司,https://www.104.com.tw/company/5vmi83s
郁得實業股份有限公司,https://www.104.com.tw/company/d3mjmg0
省權實業股份有限公司,https://www.104.com.tw/company/12z83a60
泉溢電機工廠股份有限公司,https://www.104.com.tw/company/o6uqlvc
富爾泰工業股份有限公司,https://www.104.com.tw/company/d9sr35k
連順皮革股份有限公司,https://www.104.com.tw/company/b0bun14
禾盛五金實業有限公司,https://www.104.com.tw/company/ct9r6n4
天光興工業股份有限公司,https://www.104.com.tw/company/va1wa74
廣野精機股份有限公司,https://www.104.com.tw/company/fc1e2co
維鋼工業股份有限公司,https://www.104.com.tw/company/ahhbhps
新懋鋁業股份有限公司,https://www.104.com.tw/company/18l6gy7c
百士佳股份有限公司,https://www.104.com.tw/company/7r5zwao
溢康企業股份有限公司,https://www.104.com.tw/company/1a2x6bia9v
柏泰食品興業股份有限公司,https://www.104.com.tw/company/hnrzlc0
上河國際有限公司,https://www.104.com.tw/company/7rke3e0
敦義五金股份有限公司,https://www.104.com.tw/company/r49bxjc
威家驊自動化機械股份有限公司,https://www.104.com.tw/company/7d089cg
成豫實業股份有限公司,https://www.104.com.tw/company/1a2x6bhzxt
冠淳科技股份有限公司,https://www.104.com.tw/company/5w89ieo
川大有限公司,https://www.104.com.tw/company/1a2x6bmnkz
豐釧機械股份有限公司,https://www.104.com.tw/company/16l69gns
慶潤工業股份有限公司,https://www.104.com.tw/company/1a2x6bkmjq
文生真空科技股份有限公司,https://www.104.com.tw/company/cj4qpjk
三左興業股份有限公司,https://www.104.com.tw/company/11a72r5c
浩珵食品生技有限公司,https://www.104.com.tw/company/1a2x6bl8op
松讚實業股份有限公司,https://www.104.com.tw/company/a4pw8wo
得禎興業股份有限公司,https://www.104.com.tw/company/1a2x6biw2q
新加坡商傑樂生技股份有限公司台灣分公司,https://www.104.com.tw/company/ctwgi94
兆捷科技國際股份有限公司,https://www.104.com.tw/company/1a2x6blpvi
重宙企業股份有限公司,https://www.104.com.tw/company/afkdvr4
百城機械企業股份有限公司,https://www.104.com.tw/company/18k715yo
台灣科尼起重機設備有限公司,https://www.104.com.tw/company/b9h1ecg
捷惠自動機械股份有限公司,https://www.104.com.tw/company/18ittes8
宏隆齒輪機器廠股份有限公司,https://www.104.com.tw/company/vylavps
鍱德股份有限公司,https://www.104.com.tw/company/5sdx574
產機送料機股份有限公司,https://www.104.com.tw/company/7s3p1wo
雄宇事業有限公司,https://www.104.com.tw/company/d708xao
統順益科技股份有限公司,https://www.104.com.tw/company/clv8mbk
高緯科技股份有限公司,https://www.104.com.tw/company/1a2x6bjke4
陸合企業股份有限公司,https://www.104.com.tw/company/axeqbow
立橋自動化有限公司,https://www.104.com.tw/company/1a2x6bi6nq
豐營工業股份有限公司,https://www.104.com.tw/company/a5b333k
銓麥企業股份有限公司,https://www.104.com.tw/company/18ih0dk8
嘉碁科技股份有限公司,https://www.104.com.tw/company/1a2x6bi5cx
聯合材料科技股份有限公司,https://www.104.com.tw/company/1a2x6bms7r
更新實業股份有限公司,https://www.104.com.tw/company/1a2x6bj2n9
德聿佳工業股份有限公司,https://www.104.com.tw/company/a590vsw
美商貝克曼庫爾特有限公司台灣分公司,https://www.104.com.tw/company/4c1klgg
沂春企業股份有限公司,https://www.104.com.tw/company/1a2x6bic39
伸長彩色印刷股份有限公司,https://www.104.com.tw/company/apwfumg
玉豐海洋科儀股份有限公司,https://www.104.com.tw/company/1a2x6bils0
啓動力股份有限公司,https://www.104.com.tw/company/5ypmxkg
冠億壓鑄工業股份有限公司,https://www.104.com.tw/company/1a2x6bkf8y
丞曜通達國際實業股份有限公司,https://www.104.com.tw/company/7orf980
大慶縫衣機械股份有限公司,https://www.104.com.tw/company/eagkb8g
宏森鋼品有限公司,https://www.104.com.tw/company/1a2x6bmrzx
利達製藥股份有限公司,https://www.104.com.tw/company/przr8xk
駿維實業股份有限公司,https://www.104.com.tw/company/13pqes08
劦耀鋼鐵股份有限公司,https://www.104.com.tw/company/1a2x6biq0p
華淨醫材股份有限公司,https://www.104.com.tw/company/1a2x6bmbzk
松勁科技股份有限公司,https://www.104.com.tw/company/1a2x6bjstn
宗聯機器股份有限公司,https://www.104.com.tw/company/agj6bps
長耕國際股份有限公司,https://www.104.com.tw/company/an6zcao
天賜爾生物科技股份有限公司,https://www.104.com.tw/company/7olxczs
鴻佑機械鈑金有限公司,https://www.104.com.tw/company/d18yyw8
慶同貿易股份有限公司,https://www.104.com.tw/company/3gioy7s
感官文化印刷有限公司,https://www.104.com.tw/company/1a2x6bmrzj
尚永眼鏡股份有限公司,https://www.104.com.tw/company/abz5g3k
台旺企業有限公司,https://www.104.com.tw/company/vybtxso
信元製藥股份有限公司,https://www.104.com.tw/company/demfuow
聯宬企業股份有限公司,https://www.104.com.tw/company/1a2x6bkl21
沛美生醫科技股份有限公司,https://www.104.com.tw/company/d5prp6o
HONDA_固德汽車股份有限公司,https://www.104.com.tw/company/10spowa0
金大祥鋼鐵股份有限公司,https://www.104.com.tw/company/150pphaw
詳暉工業股份有限公司,https://www.104.com.tw/company/xvg09q0
井富油脂企業股份有限公司,https://www.104.com.tw/company/1a2x6bkm1z
冠宏輪有限公司,https://www.104.com.tw/company/1a2x6binv3
彰聯精密工業股份有限公司,https://www.104.com.tw/company/crkcblc
慧毅工業股份有限公司,https://www.104.com.tw/company/1a2x6bjb0n
向揚工業有限公司,https://www.104.com.tw/company/abhuydk
復華機械股份有限公司,https://www.104.com.tw/company/136jiirs
濾大實業有限公司,https://www.104.com.tw/company/12y9ligo
陶作坊_勤貿實業股份有限公司,https://www.104.com.tw/company/13kvcjls
詠真實業股份有限公司,https://www.104.com.tw/company/2ax9xfs
元毅工業股份有限公司,https://www.104.com.tw/company/r8drid4
睿品工業有限公司,https://www.104.com.tw/company/1a2x6bl0yy
樹育企業有限公司,https://www.104.com.tw/company/159ap68g
士林電機關係企業_新林電機股份有限公司,https://www.104.com.tw/company/1128jw9s
丸莊食品工業股份有限公司台北分公司,https://www.104.com.tw/company/d82ov20
泰成粉廠股份有限公司,https://www.104.com.tw/company/1a2x6bj9g7
亨昌鐵材股份有限公司,https://www.104.com.tw/company/a874b14
威廉特企業股份有限公司,https://www.104.com.tw/company/7ob1g74
台灣司麥爾食品股份有限公司,https://www.104.com.tw/company/b7wkmk8
大瑞遊艇股份有限公司,https://www.104.com.tw/company/a7zca0g
龍潭食品股份有限公司,https://www.104.com.tw/company/1a2x6bk966
野村食品企業股份有限公司,https://www.104.com.tw/company/12syhy40
昶安機械工業有限公司,https://www.104.com.tw/company/af3wk6o
海豐飼料股份有限公司,https://www.104.com.tw/company/roeuprs
維洋科技股份有限公司,https://www.104.com.tw/company/7ssz0e8
阿耐思特岩田漢弓股份有限公司,https://www.104.com.tw/company/1a2x6bklep
君宇企業股份有限公司,https://www.104.com.tw/company/18tuw21c
榮紹塑膠射出_榮紹實業股份有限公司,https://www.104.com.tw/company/a5wvqs8
彩力染整股份有限公司,https://www.104.com.tw/company/3jni3ls
高治機械股份有限公司,https://www.104.com.tw/company/apgeqe0
千大鋁業有限公司,https://www.104.com.tw/company/pn8xnwg
科隆工業股份有限公司,https://www.104.com.tw/company/1a2x6bm5c8
躍光工業股份有限公司,https://www.104.com.tw/company/12twyd7c
禾致動力科技有限公司,https://www.104.com.tw/company/admwgts
岳峰精密化學股份有限公司,https://www.104.com.tw/company/10t0qwzc
竹洲工業股份有限公司,https://www.104.com.tw/company/a62octc
台灣順力發有限公司,https://www.104.com.tw/company/7dkeejs
軒銘科技股份有限公司,https://www.104.com.tw/company/1a2x6bl0rb
鎰桓電線股份有限公司,https://www.104.com.tw/company/1a2x6bi57x
極點股份有限公司,https://www.104.com.tw/company/13lchcuo
三香科技股份有限公司,https://www.104.com.tw/company/5za78sw
高碳特殊鋼鐵股份有限公司,https://www.104.com.tw/company/18jxg8iw
榮蓁科技股份有限公司,https://www.104.com.tw/company/cj238tc
冠球彩色印刷股份有限公司,https://www.104.com.tw/company/o3991ig
興光工業股份有限公司,https://www.104.com.tw/company/y6ok7f4
寶億生技股份有限公司,https://www.104.com.tw/company/b8phstc
益美化工實業股份有限公司,https://www.104.com.tw/company/lace6n4
均牧實業股份有限公司,https://www.104.com.tw/company/r9bbv4w
好思佳粧業股份有限公司,https://www.104.com.tw/company/1a2x6bjvoi
苗成企業股份有限公司,https://www.104.com.tw/company/r7fpk3s
遠東醫電科技股份有限公司,https://www.104.com.tw/company/b4zt5ew
嚐鱻壽司_嚐鱻食品有限公司,https://www.104.com.tw/company/crqbenc
加保股份有限公司,https://www.104.com.tw/company/a585nko
鴻睿自動化股份有限公司,https://www.104.com.tw/company/1a2x6bi8aa
吉仕食品股份有限公司,https://www.104.com.tw/company/ainasco
高福化學工業股份有限公司,https://www.104.com.tw/company/yn8bkcw
枝群企業股份有限公司,https://www.104.com.tw/company/k6rig1c
京鷹企業股份有限公司,https://www.104.com.tw/company/d4y2ajs
金門皇家酒廠股份有限公司,https://www.104.com.tw/company/10tbibqo
柏騰科技股份有限公司,https://www.104.com.tw/company/15807h5c
興菱實業股份有限公司,https://www.104.com.tw/company/aq0ik9c
三義化學工業股份有限公司,https://www.104.com.tw/company/ay2f6mg
越崎企業股份有限公司,https://www.104.com.tw/company/12tjlkk8
如陽科技股份有限公司,https://www.104.com.tw/company/1a2x6bj4nk
峰誠興業股份有限公司,https://www.104.com.tw/company/13nqc988
匯錄企業股份有限公司,https://www.104.com.tw/company/aupq0p4
台氟科技股份有限公司,https://www.104.com.tw/company/18tyn028
康順生物科技股份有限公司,https://www.104.com.tw/company/ci3dmpc
橋登國際企業有限公司,https://www.104.com.tw/company/110ihxfk
富華股份有限公司,https://www.104.com.tw/company/afwjjxc
歐迪爾股份有限公司,https://www.104.com.tw/company/15bnvhkw
辰崟有限公司,https://www.104.com.tw/company/1a2x6bmrc7
速八國際食品有限公司,https://www.104.com.tw/company/152tdxjs
貿山機器工業股份有限公司,https://www.104.com.tw/company/o6zjwao
佳信食品工業股份有限公司,https://www.104.com.tw/company/12pcddtk
河馬閥門有限公司,https://www.104.com.tw/company/1a2x6bjqn6
山亞實業股份有限公司,https://www.104.com.tw/company/w30h6m0
久誼股份有限公司,https://www.104.com.tw/company/afl0bmg
優昇機械工程股份有限公司,https://www.104.com.tw/company/1a2x6blxp7
群揚材料工業股份有限公司,https://www.104.com.tw/company/b4a8408
鋐鑫電光科技股份有限公司,https://www.104.com.tw/company/cp3bwso
利立藥用容器股份有限公司,https://www.104.com.tw/company/lqc2nns
超吉工業股份有限公司,https://www.104.com.tw/company/18st2yt4
台控科技股份有限公司,https://www.104.com.tw/company/5vx7em8
谷源實業股份有限公司,https://www.104.com.tw/company/13g2o3xs
溢灥股份有限公司,https://www.104.com.tw/company/5t1s1q0
大來運動器材有限公司,https://www.104.com.tw/company/2l72bkw
禾力自動化科技有限公司,https://www.104.com.tw/company/1a2x6bj1cz
馥民實業股份有限公司,https://www.104.com.tw/company/a53u06g
展維實業股份有限公司,https://www.104.com.tw/company/12rvp7pc
瑞爾工業股份有限公司,https://www.104.com.tw/company/12tqsnq0
高仕隆原木傢俱_昌隆木器行,https://www.104.com.tw/company/1a2x6bjgwi
永穩企業有限公司,https://www.104.com.tw/company/alb8wcg
先鋒機械股份有限公司,https://www.104.com.tw/company/fmavw3c
皇華材料科技股份有限公司,https://www.104.com.tw/company/ywb3vsg
台灣卜力斯股份有限公司,https://www.104.com.tw/company/7j9d5kw
永溢綠能材料股份有限公司,https://www.104.com.tw/company/1a2x6bkzjk
正五傑機械股份有限公司,https://www.104.com.tw/company/o492wp4
翔富電鍍有限公司,https://www.104.com.tw/company/1a2x6blc92
宇迪科技股份有限公司,https://www.104.com.tw/company/1a2x6blear
得力富企業股份有限公司,https://www.104.com.tw/company/12ykw8fs
釔鑫企業股份有限公司,https://www.104.com.tw/company/154ibqeg
福祿壽國際酒品股份有限公司,https://www.104.com.tw/company/t3mr5rc
新南糖廠股份有限公司,https://www.104.com.tw/company/1a2x6biuth
傑永省力股份有限公司,https://www.104.com.tw/company/11aslqu8
源太興業股份有限公司,https://www.104.com.tw/company/5x44wqg
宜蘭餅食品有限公司,https://www.104.com.tw/company/10s1lkig
立康生物科技股份有限公司,https://www.104.com.tw/company/xv4en00
廣錸儀器股份有限公司,https://www.104.com.tw/company/ckqkssg
三麟彩色印刷股份有限公司,https://www.104.com.tw/company/gn8ah1k
峰岳車業有限公司,https://www.104.com.tw/company/1a2x6bmqzf
成利股份有限公司,https://www.104.com.tw/company/hnfqg5s
同昌機械股份有限公司,https://www.104.com.tw/company/fnmui9s
鉅昕鋼鐵股份有限公司,https://www.104.com.tw/company/607oigo
徐府實業股份有限公司,https://www.104.com.tw/company/1a2x6bky0g
源銘宏企業有限公司,https://www.104.com.tw/company/7gz2mcg
上品精密工業股份有限公司,https://www.104.com.tw/company/pm792pk
昇士達科技股份有限公司,https://www.104.com.tw/company/fwu3dso
順毅紙業股份有限公司,https://www.104.com.tw/company/1a2x6bj3tb
台灣菊水膠帶股份有限公司,https://www.104.com.tw/company/39vsarc
弘琦貿易有限公司,https://www.104.com.tw/company/1a2x6bip56
政德製藥股份有限公司,https://www.104.com.tw/company/t01hp2g
國晟工業股份有限公司,https://www.104.com.tw/company/13movc9s
祥國科技有限公司,https://www.104.com.tw/company/1a2x6blibb
宗華實業有限公司,https://www.104.com.tw/company/13pg1ii8
東發生物科技製藥股份有限公司,https://www.104.com.tw/company/15p7an40
華明鋼鐵股份有限公司,https://www.104.com.tw/company/acro8ls
台灣真空鍍膜股份有限公司,https://www.104.com.tw/company/ak6u7io
HONDA Cars Tucheng_協聖汽車股份有限公司,https://www.104.com.tw/company/10zqxr2g
豐盈股份有限公司,https://www.104.com.tw/company/15bnyykw
億承興業股份有限公司,https://www.104.com.tw/company/ulboldk
信富紡織科技股份有限公司,https://www.104.com.tw/company/13vql54o
原榮鋼鐵企業股份有限公司,https://www.104.com.tw/company/a5eagnc
新臺灣久保田股份有限公司,https://www.104.com.tw/company/1a2x6biqir
丹特門控國際股份有限公司,https://www.104.com.tw/company/auspp8o
勁展綠能股份有限公司,https://www.104.com.tw/company/1a2x6blx68
錦聖科技股份有限公司,https://www.104.com.tw/company/12vt97q0
隆廷實業有限公司,https://www.104.com.tw/company/5t6r7kg
華江發塑膠股份有限公司,https://www.104.com.tw/company/fahbwsw
精鈺金屬工業股份有限公司,https://www.104.com.tw/company/2hnioyw
大進精工股份有限公司,https://www.104.com.tw/company/vxrcxe0
精晨科技股份有限公司,https://www.104.com.tw/company/cwhavvc
大嘉衣業有限公司,https://www.104.com.tw/company/5zg7un4
立偉精密科技有限公司,https://www.104.com.tw/company/1a2x6bk5qy
環塑科技股份有限公司,https://www.104.com.tw/company/b5x7ob4
咸禎股份有限公司,https://www.104.com.tw/company/1554n58o
詠豪科技股份有限公司,https://www.104.com.tw/company/cpp50oo
世協電機股份有限公司,https://www.104.com.tw/company/axsr2zk
舒美興業股份有限公司,https://www.104.com.tw/company/13u933xs
一覺股份有限公司,https://www.104.com.tw/company/1a2x6bl4sv
瓦里安台灣股份有限公司,https://www.104.com.tw/company/1in28i0
光曄科技股份有限公司,https://www.104.com.tw/company/b8hqzs0
龍進自動機械股份有限公司,https://www.104.com.tw/company/agzaogo
飛寶企業股份有限公司,https://www.104.com.tw/company/af18yts
皓勝工業股份有限公司,https://www.104.com.tw/company/biyc43s
台姿記工業股份有限公司,https://www.104.com.tw/company/1a2x6bk2vp
利慶工業股份有限公司,https://www.104.com.tw/company/r89fk60
漢樺企業股份有限公司,https://www.104.com.tw/company/13q1rgyw
應材高分子股份有限公司,https://www.104.com.tw/company/cjg0knk
松江實業股份有限公司,https://www.104.com.tw/company/57bxeeg
大甲化工實業股份有限公司,https://www.104.com.tw/company/q128p5s
蒂也多實業有限公司,https://www.104.com.tw/company/acifmu8
維勝特企業股份有限公司,https://www.104.com.tw/company/10sitq4o
裕桓機械股份有限公司,https://www.104.com.tw/company/7ofgog8
中國變速工程股份有限公司,https://www.104.com.tw/company/1a2x6biemk
世華生物科技股份有限公司,https://www.104.com.tw/company/12owiws8
安捷科技股份有限公司,https://www.104.com.tw/company/wgww56w
雅速達股份有限公司,https://www.104.com.tw/company/cvkj23s
杏林新生製藥股份有限公司,https://www.104.com.tw/company/f7s2yuo
台芝科技股份有限公司,https://www.104.com.tw/company/2hul028
鑫鑫鑫股份有限公司,https://www.104.com.tw/company/1a2x6bikd4
慈陽科技工業股份有限公司,https://www.104.com.tw/company/7kzc3mg
大農精密科技股份有限公司,https://www.104.com.tw/company/p9oz9gw
三新股份有限公司,https://www.104.com.tw/company/v9laaf4
頌主恩實業有限公司,https://www.104.com.tw/company/5u8iwn4
儒風資訊印刷股份有限公司,https://www.104.com.tw/company/fxx2byw
恒峰工業股份有限公司,https://www.104.com.tw/company/ahmw70w
台灣力森諾科特殊氣體股份有限公司,https://www.104.com.tw/company/18mzvvzc
元貝實業股份有限公司,https://www.104.com.tw/company/polykxs
旗山龍鳳食品股份有限公司,https://www.104.com.tw/company/1a2x6biwtu
禾耕企業有限公司,https://www.104.com.tw/company/yw7lsfs
三鈿實業股份有限公司,https://www.104.com.tw/company/q0wq50g
恆宇精密鋼模股份有限公司,https://www.104.com.tw/company/13t4sg68
阜麟精密工業股份有限公司,https://www.104.com.tw/company/1a2x6bjwsg
德豐機器股份有限公司,https://www.104.com.tw/company/vp0lgio
台灣亨斯邁化學工業股份有限公司,https://www.104.com.tw/company/7smgxp4
毅金精密股份有限公司,https://www.104.com.tw/company/1a2x6bmqml
自鵬紙器股份有限公司,https://www.104.com.tw/company/13r0vg20
榮勝機械工程股份有限公司,https://www.104.com.tw/company/lnghx3c
昶鑫企業有限公司,https://www.104.com.tw/company/12qs2ruo
領毅企業有限公司,https://www.104.com.tw/company/1a2x6bi303
優耐實業有限公司,https://www.104.com.tw/company/1a2x6bjdg7
伍冠興業有限公司,https://www.104.com.tw/company/1a2x6bmqih
炬將科技股份有限公司,https://www.104.com.tw/company/10ydnqvc
微邦科技股份有限公司,https://www.104.com.tw/company/18rq0yao
衛肯生技製藥股份有限公司,https://www.104.com.tw/company/o4bfi8
新晶科技股份有限公司,https://www.104.com.tw/company/cvn2g88
主新德科技股份有限公司,https://www.104.com.tw/company/nzht0h4
奇吉工業股份有限公司,https://www.104.com.tw/company/frprd6w
天瑛股份有限公司,https://www.104.com.tw/company/ann3jn4
嘉懋企業股份有限公司,https://www.104.com.tw/company/az17dbs
宮前實業有限公司,https://www.104.com.tw/company/1a2x6bjw4q
力科光電股份有限公司,https://www.104.com.tw/company/14z8c53c
琪泰工業股份有限公司,https://www.104.com.tw/company/af8l1rs
偉佶科技有限公司,https://www.104.com.tw/company/axr7z6w
銘旺實業股份有限公司,https://www.104.com.tw/company/a4zewk0
貿隆機械股份有限公司,https://www.104.com.tw/company/e5ueq1k
列特博生技股份有限公司,https://www.104.com.tw/company/1a2x6bmaqn
禾啟股份有限公司,https://www.104.com.tw/company/10yeoebc
先進華斯複材科技股份有限公司,https://www.104.com.tw/company/1a2x6bmqdq
凱傳工業股份有限公司,https://www.104.com.tw/company/13jw6rpc
巨人洗衣股份有限公司,https://www.104.com.tw/company/edpm3zs
百衛生物科技股份有限公司,https://www.104.com.tw/company/1a2x6bit2w
蘭陽開發工業股份有限公司,https://www.104.com.tw/company/1a2x6bmjy7
星銘實業股份有限公司,https://www.104.com.tw/company/9kqau00
皇典科技有限公司,https://www.104.com.tw/company/cq6exko
泓筌科技股份有限公司,https://www.104.com.tw/company/12oqygqg
秋雨創新股份有限公司,https://www.104.com.tw/company/vwecl6o
香港商賓科香港有限公司台北辦事處,https://www.104.com.tw/company/1a2x6bjicx
聯宏工業股份有限公司,https://www.104.com.tw/company/10vzyrgg
鴻星股份有限公司,https://www.104.com.tw/company/5vecpqw
聖釭有限公司,https://www.104.com.tw/company/whcu4rs
璟騰滾珠科技股份有限公司,https://www.104.com.tw/company/co974bs
美鉅股份有限公司,https://www.104.com.tw/company/7t2voo8
安澧國際股份有限公司,https://www.104.com.tw/company/dcxyfcg
一甲國際股份有限公司,https://www.104.com.tw/company/aduk2w8
三夏精機股份有限公司,https://www.104.com.tw/company/co6bao8
高亞交通器材股份有限公司,https://www.104.com.tw/company/fspftxk
欣德芮股份有限公司,https://www.104.com.tw/company/1a2x6blxmt
雄瑞機械工程有限公司,https://www.104.com.tw/company/11frfb5k
賜芳股份有限公司,https://www.104.com.tw/company/r8sqpmo
籌春興業有限公司,https://www.104.com.tw/company/an6f5g0
寬維科技電機有限公司,https://www.104.com.tw/company/112m7iko
日商日本信號股份有限公司台北分公司,https://www.104.com.tw/company/1a2x6bm39i
憲漢實業股份有限公司,https://www.104.com.tw/company/gnz14wo
日顯自動化工業有限公司,https://www.104.com.tw/company/61tbp94
正氧精密科技股份有限公司,https://www.104.com.tw/company/1a2x6bj2c9
光宇應用材料股份有限公司,https://www.104.com.tw/company/1a2x6bij4p
九井工業股份有限公司,https://www.104.com.tw/company/1a2x6biuxn
富發機械工業股份有限公司,https://www.104.com.tw/company/3eif0go
德宇複合材料股份有限公司,https://www.104.com.tw/company/1a2x6bk164
億典企業股份有限公司,https://www.104.com.tw/company/ppkryuo
宇璟設計有限公司,https://www.104.com.tw/company/wcw38u8
華南食品工業股份有限公司,https://www.104.com.tw/company/1a2x6bkl8t
信銘工業股份有限公司,https://www.104.com.tw/company/aevhrq0
新三亞預拌混凝土廠股份有限公司,https://www.104.com.tw/company/7r2qizk
世鑫食品股份有限公司,https://www.104.com.tw/company/akjazds
元太金屬股份有限公司,https://www.104.com.tw/company/1138hvls
強盛興企業股份有限公司,https://www.104.com.tw/company/5t00o34
安禹自動化股份有限公司,https://www.104.com.tw/company/12yoo91k
美淇食品有限公司,https://www.104.com.tw/company/1a2x6bjqyh
雙翼食品有限公司,https://www.104.com.tw/company/1a2x6bimus
潤康工業股份有限公司,https://www.104.com.tw/company/ppwi4ds
美康健生技有限公司,https://www.104.com.tw/company/cmpl3so
昆盟化學工業股份有限公司,https://www.104.com.tw/company/jc44ztc
美商登士柏西諾德股份有限公司台灣分公司,https://www.104.com.tw/company/7e83l20
冠美塑膠股份有限公司,https://www.104.com.tw/company/vg500j4
翔飛事業有限公司,https://www.104.com.tw/company/12ttx0h4
廣大工業股份有限公司,https://www.104.com.tw/company/vnaq9i8
一銘科技工業股份有限公司,https://www.104.com.tw/company/ao87ho0
湧舜實業股份有限公司,https://www.104.com.tw/company/1a2x6bjmb0
旭東環保科技股份有限公司,https://www.104.com.tw/company/1518tmg8
泳鉅鑫再生塑料股份有限公司,https://www.104.com.tw/company/1a2x6bift5
山富機械廠有限公司,https://www.104.com.tw/company/pk7alrk
宏昕電機股份有限公司,https://www.104.com.tw/company/xlbffw8
良晟食品股份有限公司,https://www.104.com.tw/company/1a2x6bkgdt
九泓有限公司,https://www.104.com.tw/company/wg82h4g
源峰橡膠股份有限公司,https://www.104.com.tw/company/18qh2wao
金連興業股份有限公司,https://www.104.com.tw/company/fnfhafk
芳味香食品企業有限公司,https://www.104.com.tw/company/1a2x6blphm
三井冷凍食品有限公司,https://www.104.com.tw/company/1a2x6bl2be
金德利五金有限公司_CHIN TECK LEE SDN. BHD.,https://www.104.com.tw/company/1a2x6bkykj
聯和橡膠股份有限公司,https://www.104.com.tw/company/5pdnao0
春億彩藝股份有限公司,https://www.104.com.tw/company/oac3614
皇積精機興業股份有限公司,https://www.104.com.tw/company/fuy3zbc
達音實業股份有限公司,https://www.104.com.tw/company/nzxlvn4
福人化學股份有限公司,https://www.104.com.tw/company/o0npcmo
同慶纖維股份有限公司,https://www.104.com.tw/company/a90vunc
福興印鐵製罐股份有限公司,https://www.104.com.tw/company/u87yn2g
尚順食品有限公司,https://www.104.com.tw/company/1a2x6bkm7p
佳弘機械有限公司,https://www.104.com.tw/company/112mt87k
阡威國際股份有限公司,https://www.104.com.tw/company/o5bm274
安加實業股份有限公司,https://www.104.com.tw/company/9jfohh4
百原通風工程有限公司,https://www.104.com.tw/company/12r50fqo
善品科技股份有限公司,https://www.104.com.tw/company/o7f6pvc
鉦曜實業社,https://www.104.com.tw/company/1a2x6biidl
正瀚興業股份有限公司,https://www.104.com.tw/company/apd5nvs
國敏股份有限公司,https://www.104.com.tw/company/aai8ag8
冠昇食品工業股份有限公司,https://www.104.com.tw/company/n78hvls
建鑫企業有限公司,https://www.104.com.tw/company/fhoh8ig
升嘉工業股份有限公司,https://www.104.com.tw/company/aa7mkxs
岦興紙器股份有限公司,https://www.104.com.tw/company/o98kqgw
鈦晶拉鍊股份有限公司,https://www.104.com.tw/company/acjd5mo
峻祥汽車工業股份有限公司,https://www.104.com.tw/company/a4r6l48
千盟模具有限公司,https://www.104.com.tw/company/z4sjns8
建國玻璃股份有限公司,https://www.104.com.tw/company/ckx3bow
台灣大協恒宜股份有限公司,https://www.104.com.tw/company/lee7428
邦欣實業有限公司,https://www.104.com.tw/company/ukr3dqg
旭順興業股份有限公司,https://www.104.com.tw/company/uljdzhk
鉦曜有限公司,https://www.104.com.tw/company/1a2x6biffw
勝展工業有限公司,https://www.104.com.tw/company/13vpr4vs
世聖精機股份有限公司,https://www.104.com.tw/company/157sf0p4
凱成萬通有限公司,https://www.104.com.tw/company/1a2x6bm3y1
磐承科技有限公司,https://www.104.com.tw/company/1a2x6bmmnk
亞達機械工程有限公司,https://www.104.com.tw/company/1a2x6bik15
丸欣實業有限公司,https://www.104.com.tw/company/z3rrl48
法蘭國際有限公司,https://www.104.com.tw/company/arw9h6o
舜紘企業有限公司,https://www.104.com.tw/company/wctb1l4
南祐企業股份有限公司,https://www.104.com.tw/company/w465b8o
Nextevo International Pte. Ltd.,https://www.104.com.tw/company/1a2x6bm5pc
越泰實業股份有限公司,https://www.104.com.tw/company/18to4fz4
偉福機械工程有限公司,https://www.104.com.tw/company/13w4aeug
Mainland Headwear Holdings Limited,https://www.104.com.tw/company/1a2x6bj2t8
穩泰化工興業股份有限公司,https://www.104.com.tw/company/vzq2cf4
東旭貿易有限公司,https://www.104.com.tw/company/5v8r7w0
禮學社股份有限公司,https://www.104.com.tw/company/eamztc8
永昌精機工業股份有限公司,https://www.104.com.tw/company/yih7new
杜拜商美頂鋼構科技股份有限公司台灣分公司,https://www.104.com.tw/company/1a2x6bivz0
力根實業股份有限公司,https://www.104.com.tw/company/giy3jpk
正鶴工業股份有限公司,https://www.104.com.tw/company/12tm5v3c
景二金屬工業股份有限公司,https://www.104.com.tw/company/abu54l4
迺賓金屬工業股份有限公司,https://www.104.com.tw/company/o653drc
琪達實業有限公司,https://www.104.com.tw/company/5q2u26o
統領工業有限公司,https://www.104.com.tw/company/1a2x6bkpnq
尚美實業股份有限公司,https://www.104.com.tw/company/1a2x6bjmrr
美福鞋業股份有限公司,https://www.104.com.tw/company/r6n8ni0
鎮慶企業有限公司,https://www.104.com.tw/company/1a2x6bj8tb
全美和工業股份有限公司,https://www.104.com.tw/company/7orsmpc
昌謚工業股份有限公司,https://www.104.com.tw/company/12rcl3bs
楓憲實業有限公司,https://www.104.com.tw/company/ftrgkmg
禾昇精密有限公司,https://www.104.com.tw/company/111mrtf4
濟正股份有限公司,https://www.104.com.tw/company/e7nf01k
丸長螺絲股份有限公司,https://www.104.com.tw/company/1a2x6bijue
惠瑞特股份有限公司,https://www.104.com.tw/company/13tfij3c
HONDA左營店_鉅泰汽車股份有限公司,https://www.104.com.tw/company/10t3j6js
炤信企業股份有限公司,https://www.104.com.tw/company/a686t3s
五角星皮件有限公司,https://www.104.com.tw/company/1a2x6bkhdk
日南紡織股份有限公司,https://www.104.com.tw/company/pqsay48
永仂興工業股份有限公司,https://www.104.com.tw/company/pkff1jk
愛家康養有限公司,https://www.104.com.tw/company/b4k8dww
鴻騰窗簾_鴻盛實業有限公司,https://www.104.com.tw/company/aish5gg
台灣不二實業股份有限公司,https://www.104.com.tw/company/20hkp9c
正來易剪刀五金股份有限公司,https://www.104.com.tw/company/r4ijmw8
富翔股份有限公司,https://www.104.com.tw/company/13ldjza8
松于利實業股份有限公司,https://www.104.com.tw/company/a63a7uo
捷采印刷事業股份有限公司,https://www.104.com.tw/company/asy94iw
鑫徠實業有限公司,https://www.104.com.tw/company/13wlxc3k
台灣雙色塑膠股份有限公司,https://www.104.com.tw/company/1a2x6bi0ds
冠龍實業股份有限公司,https://www.104.com.tw/company/1a2x6bjtz4
登祥螺絲有限公司,https://www.104.com.tw/company/1a2x6bkh60
千多實業股份有限公司,https://www.104.com.tw/company/a5jyyj4
村宇科技股份有限公司,https://www.104.com.tw/company/1a2x6bk1qz
IBRONX SDN BHD,https://www.104.com.tw/company/1a2x6bkyec
增昌機械工業股份有限公司,https://www.104.com.tw/company/ve7627s
台灣偉世通汽車電子有限公司,https://www.104.com.tw/company/1a2x6bl2ae
亞蘭夢藤國際設計股份有限公司,https://www.104.com.tw/company/15a4jpvk
進油實業股份有限公司,https://www.104.com.tw/company/ac2wfo0
三信油封有限公司,https://www.104.com.tw/company/1a2x6bngog
三富釣具股份有限公司,https://www.104.com.tw/company/aj2p4dc
長豐紡織科技股份有限公司,https://www.104.com.tw/company/f88gcg0
弘達儀器股份有限公司,https://www.104.com.tw/company/o389b8w
瑞華實業股份有限公司,https://www.104.com.tw/company/xtsk474
喬豐行股份有限公司,https://www.104.com.tw/company/10ia5fns
振添股份有限公司,https://www.104.com.tw/company/10z2nxi8
日富金屬工業有限公司,https://www.104.com.tw/company/12omv03c
安芳美容科技股份有限公司,https://www.104.com.tw/company/12px3s6w
荃立精密股份有限公司,https://www.104.com.tw/company/1a2x6bk6qp
立淵機械股份有限公司,https://www.104.com.tw/company/1a2x6bki44
建昌食品股份有限公司,https://www.104.com.tw/company/13lvixeo
凱泓機械股份有限公司,https://www.104.com.tw/company/13r6l0io
惠傑工業股份有限公司,https://www.104.com.tw/company/13sgxptk
新豐國際開發有限公司,https://www.104.com.tw/company/1a2x6bjdg6
台灣連興綿織股份有限公司,https://www.104.com.tw/company/1a2x6bjunw
龍耀木業股份有限公司,https://www.104.com.tw/company/ak9j714
久穩系統物流股份有限公司,https://www.104.com.tw/company/1a2x6bna07
慶榮發企業股份有限公司,https://www.104.com.tw/company/a46r84g
東鏘工業股份有限公司,https://www.104.com.tw/company/a8i8pds
世堡紡織股份有限公司,https://www.104.com.tw/company/6gltmjc
品岳科技股份有限公司,https://www.104.com.tw/company/1a2x6bkh9h
福績樹脂化工股份有限公司,https://www.104.com.tw/company/1a2x6bki7e
煜騰精密板金股份有限公司,https://www.104.com.tw/company/1a2x6bkill
台灣小原光學材料股份有限公司,https://www.104.com.tw/company/demog3s
國際造漆股份有限公司,https://www.104.com.tw/company/k1n3kt4
理研電器股份有限公司,https://www.104.com.tw/company/23j2t5k
吉泰機械廠,https://www.104.com.tw/company/o4bba7s
萬向精密股份有限公司,https://www.104.com.tw/company/cw4r5iw
宏太企業有限公司,https://www.104.com.tw/company/wfifbbs
喬鎂機械股份有限公司,https://www.104.com.tw/company/10smq454
友龍機械股份有限公司,https://www.104.com.tw/company/18ttbh00
慶生堂化粧品股份有限公司,https://www.104.com.tw/company/12ubpbeg
宏洋有限公司,https://www.104.com.tw/company/12vmv634
霖興機械工業股份有限公司,https://www.104.com.tw/company/13ltl3io
三梅企業股份有限公司,https://www.104.com.tw/company/1a2x6bijlc
榮惠盈國際股份有限公司,https://www.104.com.tw/company/1a2x6blsb4
榮精企業股份有限公司,https://www.104.com.tw/company/1a2x6bir8o
臺聯實業股份有限公司,https://www.104.com.tw/company/13k5speo
朔元企業股份有限公司,https://www.104.com.tw/company/626q0og
欣閣興業有限公司,https://www.104.com.tw/company/13y9nevk
欣剛自動機械股份有限公司,https://www.104.com.tw/company/7gwyrmw
宅興實業有限公司,https://www.104.com.tw/company/151lo6gg
矽卡有限公司,https://www.104.com.tw/company/7nmkk08
宏昇螺旋槳股份有限公司,https://www.104.com.tw/company/1a2x6bjomc
鐵岸有限公司,https://www.104.com.tw/company/d7yxnrs
協裕窯業股份有限公司,https://www.104.com.tw/company/fh57ubk
怡堡精機股份有限公司,https://www.104.com.tw/company/2rsxj1k
丹瀧紡織股份有限公司,https://www.104.com.tw/company/1a2x6biln7
良恆工業股份有限公司,https://www.104.com.tw/company/1a2x6bi7wj
建中熱處理股份有限公司,https://www.104.com.tw/company/1a2x6bicgz
LAVAZZA老咖啡_泛拉丁國際貿易股份有限公司,https://www.104.com.tw/company/13mzv8l4
樂斯科生物科技股份有限公司,https://www.104.com.tw/company/5wpy32o
圓基企業有限公司,https://www.104.com.tw/company/5xbdznk
民鋒股份有限公司,https://www.104.com.tw/company/156650x4
僑雄實業股份有限公司,https://www.104.com.tw/company/1a2x6bivzj
素味食品股份有限公司,https://www.104.com.tw/company/1a2x6bj9gr
日譽興業股份有限公司,https://www.104.com.tw/company/1a2x6bjdt7
Repligen Corporation_台灣創新材料股份有限公司,https://www.104.com.tw/company/1a2x6bje14
豐麟企業有限公司,https://www.104.com.tw/company/1a2x6bk6bq
佳德建材股份有限公司,https://www.104.com.tw/company/ahnm5fs
中信玻璃纖維工業股份有限公司,https://www.104.com.tw/company/aos5288
元祿亦有限公司,https://www.104.com.tw/company/d3883sw
萬事達切削科技股份有限公司,https://www.104.com.tw/company/d4c81rk
鑫讚科技有限公司,https://www.104.com.tw/company/1a2x6blme7
隆固工業股份有限公司,https://www.104.com.tw/company/atngx2w
台中精密鋼模股份有限公司,https://www.104.com.tw/company/ayms574
星誼企業股份有限公司,https://www.104.com.tw/company/9lppi48
七駿科技_歐宜美良品股份有限公司,https://www.104.com.tw/company/avltk8g
承昌鎢鋼製品有限公司,https://www.104.com.tw/company/clyh72w
英達茂股份有限公司,https://www.104.com.tw/company/1a2x6bm02p
泓都化粧品股份有限公司,https://www.104.com.tw/company/cspuksw
川代企業有限公司,https://www.104.com.tw/company/cwteoww
和榮意食品有限公司,https://www.104.com.tw/company/we1xix4
長裕欣業股份有限公司,https://www.104.com.tw/company/whr0t14
艾格瑪科技股份有限公司,https://www.104.com.tw/company/whwvxc8
敬岱機械股份有限公司,https://www.104.com.tw/company/xv3p1pc
品賦實業股份有限公司,https://www.104.com.tw/company/1a2x6bi17q
岩成科技事業股份有限公司,https://www.104.com.tw/company/1a2x6bj4fs
信昌宏工業股份有限公司,https://www.104.com.tw/company/7fv665k
新綜工業股份有限公司,https://www.104.com.tw/company/7n2eins
榮全化工機械有限公司,https://www.104.com.tw/company/9kbx3vs
約克製藥股份有限公司,https://www.104.com.tw/company/1a2x6bkqzn
貫詠金屬股份有限公司,https://www.104.com.tw/company/5v8s17k
竹翔工業股份有限公司,https://www.104.com.tw/company/a8b27ts
鉅業精機股份有限公司,https://www.104.com.tw/company/ah4pj4g
儀辰企業股份有限公司,https://www.104.com.tw/company/aiyposg
台灣雅保有限公司,https://www.104.com.tw/company/1a2x6bifxo
大舜實業股份有限公司,https://www.104.com.tw/company/w4470dk
合智工業股份有限公司,https://www.104.com.tw/company/wdvwapc
石恒科技股份有限公司,https://www.104.com.tw/company/d0w8mw8
凱聖工業股份有限公司,https://www.104.com.tw/company/110ggry0
會昌實業股份有限公司,https://www.104.com.tw/company/1xlf3x4
興禽食品股份有限公司,https://www.104.com.tw/company/1a2x6bn7dp
華成塑膠工業股份有限公司,https://www.104.com.tw/company/1a2x6bn82m
幸瑋科技股份有限公司,https://www.104.com.tw/company/1a2x6bn9mp
玉帆食品股份有限公司,https://www.104.com.tw/company/1a2x6bl3ma
大晉塑膠工業股份有限公司,https://www.104.com.tw/company/5zajgm8
成洋工業股份有限公司,https://www.104.com.tw/company/7fs22ns
震虎精密科技股份有限公司,https://www.104.com.tw/company/7ne7bvc
華達化學製藥廠股份有限公司,https://www.104.com.tw/company/8pi3aow
紅順工程有限公司,https://www.104.com.tw/company/13lf80js
新峻億工業有限公司,https://www.104.com.tw/company/15orxza0
威士頓精密工業股份有限公司,https://www.104.com.tw/company/18i9wglk
哈特佛工業股份有限公司,https://www.104.com.tw/company/159rapt4
中原造像股份有限公司,https://www.104.com.tw/company/18nf8lcw
榮峻企業股份有限公司,https://www.104.com.tw/company/1a2x6biqkk
喜生食品工業股份有限公司,https://www.104.com.tw/company/5tfpb8w
飛鳥車用電子股份有限公司,https://www.104.com.tw/company/5tk8baw
冠鈞鈑金股份有限公司,https://www.104.com.tw/company/1a2x6biva8
玖旺食品有限公司,https://www.104.com.tw/company/1a2x6bjknw
復岡有限公司,https://www.104.com.tw/company/avrydb4
富立交通器材股份有限公司,https://www.104.com.tw/company/chyrr94
寶喬群生物科技有限公司,https://www.104.com.tw/company/cjdzdmg
兆磊精密股份有限公司,https://www.104.com.tw/company/d8mfvi8
日龍儀器股份有限公司,https://www.104.com.tw/company/e85q5zc
亨利工廠股份有限公司,https://www.104.com.tw/company/f7ufgio
煇倫工業股份有限公司,https://www.104.com.tw/company/fmmckko
家盟電機股份有限公司,https://www.104.com.tw/company/o5mhpqg
侯泰企業股份有限公司,https://www.104.com.tw/company/ta0mr20
聯亞機械有限公司,https://www.104.com.tw/company/1a2x6bj1ue
資川有限公司,https://www.104.com.tw/company/a7ahu60
朝展實業股份有限公司,https://www.104.com.tw/company/a78nmog
台灣泰基股份有限公司,https://www.104.com.tw/company/ac1gztc
巨全金屬工業股份有限公司,https://www.104.com.tw/company/af4y9fs
可尼卡實業股份有限公司,https://www.104.com.tw/company/akmgdy0
文匯工業有限公司,https://www.104.com.tw/company/at0yciw
中傳企業股份有限公司,https://www.104.com.tw/company/knqqkyg
新亞洲製刀股份有限公司,https://www.104.com.tw/company/lde223k
駿諺精機股份有限公司,https://www.104.com.tw/company/q21eteo
德商_台灣普熙股份有限公司,https://www.104.com.tw/company/2j5tu00
洽發企業股份有限公司,https://www.104.com.tw/company/pt7p9v4
兆偉衛材股份有限公司,https://www.104.com.tw/company/r93z5tc
侑芳食品廠,https://www.104.com.tw/company/v86bvu8
喬台工業股份有限公司,https://www.104.com.tw/company/ybhitlk
建大機電股份有限公司,https://www.104.com.tw/company/yw78itc
春發科技股份有限公司,https://www.104.com.tw/company/ywaei7k
憲旺鋼鐵股份有限公司,https://www.104.com.tw/company/z3f2gbs
台灣耐力股份有限公司,https://www.104.com.tw/company/3izfjm8
栢馥股份有限公司,https://www.104.com.tw/company/112ta93k
榮聖機械工程股份有限公司,https://www.104.com.tw/company/12obu6lk
鑫僑洋科技股份有限公司,https://www.104.com.tw/company/10xqcnb4
仲勤工業股份有限公司,https://www.104.com.tw/company/1a2x6bki54
元群建材工業股份有限公司,https://www.104.com.tw/company/13otmdeo
陽旻企業股份有限公司,https://www.104.com.tw/company/14rknl54
皇鋼機械股份有限公司,https://www.104.com.tw/company/14ze2mqg
可提雅實業有限公司,https://www.104.com.tw/company/154129ps
昶瑞電子材料股份有限公司,https://www.104.com.tw/company/coc1bc8
台灣正新興業有限公司,https://www.104.com.tw/company/1a2x6bipxf
昇陽自行車國際股份有限公司,https://www.104.com.tw/company/on1f1vk
標達企業有限公司,https://www.104.com.tw/company/sghhvr4
平成科貿股份有限公司,https://www.104.com.tw/company/10rv81e8
鼎峰自動化股份有限公司,https://www.104.com.tw/company/10xlb6wg
圓陵工業股份有限公司,https://www.104.com.tw/company/12p12d1k
維立精密工業股份有限公司,https://www.104.com.tw/company/1a2x6biz5o
雅登廚飾國際有限公司,https://www.104.com.tw/company/au408eo
德綸興業股份有限公司,https://www.104.com.tw/company/avtq3ag
宏海遊艇股份有限公司,https://www.104.com.tw/company/cpuqxz4
豐毓機械工程有限公司,https://www.104.com.tw/company/158e1he0
大雄工程行,https://www.104.com.tw/company/19iacdn4
國興冷凍肉品股份有限公司,https://www.104.com.tw/company/cwc7bug
尚億彩藝事業有限公司,https://www.104.com.tw/company/1a2x6bix22
子永實業有限公司,https://www.104.com.tw/company/cjmwu5k
長益螺絲股份有限公司,https://www.104.com.tw/company/1a2x6bjwr8
三貿機械工業股份有限公司,https://www.104.com.tw/company/a7w8iv4
台灣吳羽股份有限公司,https://www.104.com.tw/company/ahya8lk
穩揚金屬營業部_資閎實業有限公司,https://www.104.com.tw/company/1a2x6bli0j
金瑞成木業有限公司,https://www.104.com.tw/company/1a2x6bm6g5
"榮光機械股份有限公司(PARAGON MACHINERY CO., LTD.)",https://www.104.com.tw/company/pm5y11c
恆智重機股份有限公司,https://www.104.com.tw/company/axs2ncw
龍興塑膠科技股份有限公司,https://www.104.com.tw/company/r9r9xsw
千興不銹鋼股份有限公司,https://www.104.com.tw/company/w5rppq0
元一實業股份有限公司,https://www.104.com.tw/company/x3ksqrs
頂盛通國際股份有限公司,https://www.104.com.tw/company/112qtfkg
彰育企業有限公司,https://www.104.com.tw/company/10qar8u9
生暉模具有限公司,https://www.104.com.tw/company/13lku8n4
盡高實業有限公司,https://www.104.com.tw/company/13xayqps
樺興紙品有限公司,https://www.104.com.tw/company/1a2x6blnts
高彥科技股份有限公司,https://www.104.com.tw/company/1a2x6bleug
達辰塑膠廠股份有限公司,https://www.104.com.tw/company/b74c4fc
火鶴工業股份有限公司,https://www.104.com.tw/company/7i2rjpc
荷茂生醫科技股份有限公司,https://www.104.com.tw/company/awaaa94
德憶企業股份有限公司,https://www.104.com.tw/company/ayhzvt4
台灣德瑞特生物科技股份有限公司,https://www.104.com.tw/company/cp8xenk
良峻工業股份有限公司,https://www.104.com.tw/company/18qo00ns
台中瑞興織嘜有限公司,https://www.104.com.tw/company/1a2x6bidor
利華羊毛工業股份有限公司,https://www.104.com.tw/company/572n0lc
環航複合材料股份有限公司,https://www.104.com.tw/company/1a2x6bifxv
鍵鼎實業有限公司,https://www.104.com.tw/company/1a2x6blkeg
英勤布業有限公司,https://www.104.com.tw/company/avsqsgg
鍵順三菱股份有限公司,https://www.104.com.tw/company/18k2gvm0
群達龍企業股份有限公司,https://www.104.com.tw/company/dsh19pc
聯吉鋼業有限公司,https://www.104.com.tw/company/fw2rabs
大功臣科技有限公司,https://www.104.com.tw/company/1a2x6bn5gg
台灣博邁立鋮股份有限公司-台中分公司,https://www.104.com.tw/company/1a2x6blfu7
達邦蛋白生技股份有限公司,https://www.104.com.tw/company/5z04tqg
啟旭彩色印刷股份有限公司,https://www.104.com.tw/company/7esv0go
歐悅設計股份有限公司,https://www.104.com.tw/company/7hpnd8w
中慶毛刷廠股份有限公司,https://www.104.com.tw/company/aw15ils
仕禮企業有限公司,https://www.104.com.tw/company/azwzank
優昇機械企業社,https://www.104.com.tw/company/1a2x6bko8d
捷誠精密有限公司,https://www.104.com.tw/company/1a2x6bk9y4
宏益科技股份有限公司,https://www.104.com.tw/company/autvgbs
世豐精密金屬股份有限公司,https://www.104.com.tw/company/b08ztn4
宏泰工業股份有限公司,https://www.104.com.tw/company/cmcgznk
班順工業氣體科技股份有限公司,https://www.104.com.tw/company/csh5ndc
新釧成機械股份有限公司,https://www.104.com.tw/company/15cffcdc
琮翔企業股份有限公司,https://www.104.com.tw/company/1a2x6bi9gd
城昌企業股份有限公司,https://www.104.com.tw/company/g8mln28
東永欣企業股份有限公司,https://www.104.com.tw/company/1a2x6bl92g
鴻源彩藝印刷有限公司,https://www.104.com.tw/company/1a2x6blg03
歐帝瑪自行車股份有限公司,https://www.104.com.tw/company/1a2x6blvut
東業企業股份有限公司,https://www.104.com.tw/company/a5ggacg
乃弘工業有限公司,https://www.104.com.tw/company/a5mg89k
富永炭素股份有限公司,https://www.104.com.tw/company/gsd2rao
百輝紙器股份有限公司,https://www.104.com.tw/company/vtffjlk
齊立水資源股份有限公司,https://www.104.com.tw/company/1a2x6bn054
竑領企業有限公司,https://www.104.com.tw/company/10urjz4o
周益企業有限公司,https://www.104.com.tw/company/110junag
北都汽車股份有限公司安坑分公司,https://www.104.com.tw/company/13oo8gp4
品賀企業股份有限公司,https://www.104.com.tw/company/150zeqls
揚朋科技股份有限公司,https://www.104.com.tw/company/15511ux4
元昶玻璃股份有限公司,https://www.104.com.tw/company/1a2x6bn6tr
綠巨人生醫股份有限公司,https://www.104.com.tw/company/1a2x6bn8x2
錩燕金屬工業股份有限公司,https://www.104.com.tw/company/1a2x6bi7nx
佳德糕餅有限公司,https://www.104.com.tw/company/60tbrpc
全球安聯科技股份有限公司,https://www.104.com.tw/company/60uh8rc
伍經企業股份有限公司,https://www.104.com.tw/company/1a2x6bjysg
德商B. Braun Group _台灣柏朗股份有限公司,https://www.104.com.tw/company/at28nyo
正宇金屬工業股份有限公司,https://www.104.com.tw/company/fhv441s
植大橡塑膠業股份有限公司,https://www.104.com.tw/company/gs7b3zk
光隆股份有限公司,https://www.104.com.tw/company/njbgw54
皇成企業股份有限公司,https://www.104.com.tw/company/o3nncgo
喬福機械工業股份有限公司,https://www.104.com.tw/company/oax4ths
參聯國際股份有限公司,https://www.104.com.tw/company/of0t3ao
至陽塑膠工業股份有限公司,https://www.104.com.tw/company/pod0s28
台灣色料廠有限公司,https://www.104.com.tw/company/tn3yce0
台灣愛德華生命科學股份有限公司,https://www.104.com.tw/company/d2vyhnk
