公司品牌簡稱,序號,官方網站,產業,員工人數,聯絡人信箱,聯絡人名稱,聯絡人職稱,來源,徵才職缺名稱,說明,備註,,Day 1,day1_title,day1_content,Day 7,day7_title,day7_content,Day 14,day14_title,day14_content,Day 30,day30_title,day30_content,Day 60,day60_title,day60_content
粟野,20260414,http://awanofood.com/,批發,10-29人,info@awanofood.com,官方,無,https://www.104.com.tw/company/1a2x6bmjwh,無徵才,無,已經有官方網站貨電商購物車。,,2026/4/14,粟野的線上購物流程，是否還有優化空間？,您好，<br><br>我剛瀏覽了粟野的網站，注意到你們在食品批發領域已累積了扎實的產品線，也有建置電商購物車。不過以目前食品電商的競爭態勢來看，消費者從「瀏覽商品」到「完成結帳」的每一步體驗，都會直接影響轉換率與回購率。<br><br>我們是 PlayPlus，專門協助企業將現有網站升級為兼具高質感與高轉換率的數位平台。過去曾協助多家品牌在不更動後端架構的情況下，透過 UI/UX 重塑讓線上訂單量顯著成長。<br><br>是否方便寄一份我們在食品產業的網站優化案例給您參考？您也可以先從這邊瀏覽我們的服務及作品集：https://playplus.com.tw/<br><br>感謝您,2026/4/21,,,2026/4/28,,,2026/5/14,,,2026/6/13,,
粟野,20260414,http://awanofood.com/,批發,10-29人,info@mysite.com,官方,無,https://www.104.com.tw/company/1a2x6bmjwh,無徵才,無,已經有官方網站貨電商購物車。,,2026/4/14,粟野的線上購物流程，是否還有優化空間？,您好，<br><br>我剛瀏覽了粟野的網站，注意到你們在食品批發領域已累積了扎實的產品線，也有建置電商購物車。不過以目前食品電商的競爭態勢來看，消費者從「瀏覽商品」到「完成結帳」的每一步體驗，都會直接影響轉換率與回購率。<br><br>我們是 PlayPlus，專門協助企業將現有網站升級為兼具高質感與高轉換率的數位平台。過去曾協助多家品牌在不更動後端架構的情況下，透過 UI/UX 重塑讓線上訂單量顯著成長。<br><br>是否方便寄一份我們在食品產業的網站優化案例給您參考？您也可以先從這邊瀏覽我們的服務及作品集：https://playplus.com.tw/<br><br>感謝您,2026/4/21,,,2026/4/28,,,2026/5/14,,,2026/6/13,,
樺芙,20260414,https://www.zepii.com.tw/,批發,10-29人,info@zepii.com.tw,官方,無,https://www.104.com.tw/company/1a2x6blq3h,無徵才,無,已經有官方網站貨電商購物車。,,2026/4/14,樺芙的品牌官網，能否更有效地轉化訪客？,您好，<br><br>我剛瀏覽了 Zepii 樺芙的網站，注意到你們已建立品牌官網與購物車功能。但在批發產業中，官網往往是 B2B 客戶評估合作意願的第一道門面——視覺質感與瀏覽體驗的好壞，直接決定了對方是否願意進一步洽談。<br><br>我們是 PlayPlus，專注於協助企業提升網站的品牌質感與使用者轉換率。曾協助多家企業在維持原有系統架構下，透過前端設計優化大幅提升詢問與成交率。<br><br>是否方便寄一份相關的品牌官網優化案例給您參考？您也可以先從這邊瀏覽我們的服務及作品集：https://playplus.com.tw/<br><br>感謝您,2026/4/21,,,2026/4/28,,,2026/5/14,,,2026/6/13,,
雨晴國際,20260414,https://www.panseven.com/,批發,10-29人,tw@panseven.com,官方,無,https://www.104.com.tw/company/1a2x6bleom,無徵才,無,已經有官方網站貨電商購物車。,,2026/4/14,雨晴國際的數位門面，是否跟上了品牌實力？,您好，<br><br>我剛瀏覽了雨晴國際的網站，注意到你們在批發領域已有穩健的佈局，也具備電商購物功能。不過對於有國際經營視野的品牌而言，網站的視覺專業度與操作流暢度，往往是海內外客戶建立信任感的關鍵第一步。<br><br>我們是 PlayPlus，專注於協助企業打造具備國際水準的品牌數位平台。過去曾協助多家品牌優化網站前端設計，在不影響既有系統的前提下有效提升客戶信賴感與詢問率。<br><br>是否方便寄一份我們在品牌官網升級方面的案例給您參考？您也可以先從這邊瀏覽我們的服務及作品集：https://playplus.com.tw/<br><br>感謝您,2026/4/21,,,2026/4/28,,,2026/5/14,,,2026/6/13,,
正盟貿易,20260414,http://www.karomax.com.tw,批發,10-29人,sales@karomax.com.tw,官方,無,https://www.104.com.tw/company/1a2x6bktew,無徵才,無,已經有官方網站貨電商購物車。,,2026/4/14,正盟貿易的產品展示頁，是否發揮了應有效益？,您好，<br><br>我剛瀏覽了正盟貿易的網站，看得出你們在代理產品的領域已有深厚基礎，也有建置線上購物功能。不過對於貿易商而言，線上產品目錄的呈現方式與搜尋體驗，往往是潛在客戶決定是否進一步詢價的關鍵。<br><br>我們是 PlayPlus，專門協助企業優化網站的產品展示與使用者體驗。曾協助多家品牌在不調整後端系統的情況下，重新設計前端介面，讓詢問與轉換率都獲得明顯提升。<br><br>是否方便寄一份我們在 B2B 產品展示優化的案例給您參考？您也可以先從這邊瀏覽我們的服務及作品集：https://playplus.com.tw/<br><br>感謝您,2026/4/21,,,2026/4/28,,,2026/5/14,,,2026/6/13,,
辰豐實業,20260414,https://www.chengfongfs.com/,批發,10-29人,service@cfbs.com.tw,官方,無,https://www.104.com.tw/company/12trdyp4,無徵才,無,已經有官方網站貨電商購物車。,,2026/4/14,辰豐實業的線上體驗，是否還有進化的機會？,您好，<br><br>我剛瀏覽了辰豐實業的網站，注意到你們在批發產業已深耕多年，也有建置線上購物功能。不過以實業公司的客戶結構來看，網站不僅是展示產品的窗口，更是建立專業信任的數位名片——介面的質感與操作流暢度，會直接左右新客戶的合作意願。<br><br>我們是 PlayPlus，專注於協助企業升級網站的設計質感與使用體驗。過去曾協助多家企業在維持原有架構下，透過前端重塑有效提升品牌形象與客戶互動率。<br><br>是否方便寄一份我們在企業官網升級方面的案例給您參考？您也可以先從這邊瀏覽我們的服務及作品集：https://playplus.com.tw/<br><br>感謝您,2026/4/21,,,2026/4/28,,,2026/5/14,,,2026/6/13,,
昀海國際海產,20260414,https://www.greenmark.com.tw,批發,10-29人,info@greenmark.com.tw,官方,無,https://www.104.com.tw/company/chws308,無徵才,無,已經有官方網站貨電商購物車。,,2026/4/14,昀海國際的網站體驗，是否傳遞了產品的鮮度與信任？,您好，<br><br>我剛瀏覽了昀海國際海產的網站，注意到你們在水產批發領域已有相當完整的產品線，也建置了電商功能。然而在生鮮食品這個品類中，消費者對「信任感」的要求特別高——網站的視覺呈現、產品攝影與購買流程的設計，都會直接影響顧客是否願意下單。<br><br>我們是 PlayPlus，專注於協助品牌將現有網站打造成具備高質感與高信賴度的數位平台。曾協助多家食品品牌在不更動後端系統的前提下，透過前端體驗優化帶動轉換率成長。<br><br>是否方便寄一份我們在食品電商領域的優化案例給您參考？您也可以先從這邊瀏覽我們的服務及作品集：https://playplus.com.tw/<br><br>感謝您,2026/4/21,,,2026/4/28,,,2026/5/14,,,2026/6/13,,
妙昌科技,20260414,https://www.lotron.com.tw,批發,10-29人,mail@lotron.com.tw,官方,無,https://www.104.com.tw/company/wdx7348,無徵才,無,已經有官方網站貨電商購物車。,,2026/4/14,妙昌科技的官網，是否完整展現了技術實力？,您好，<br><br>我剛瀏覽了妙昌科技的網站，看得出你們在科技產品批發領域有深入的技術底蘊，也有建置線上購物功能。不過對於科技類公司而言，官網的設計水準某種程度上就代表了品牌的技術能力——如果網站的介面與體驗跟不上產品本身的水準，容易讓潛在客戶產生落差感。<br><br>我們是 PlayPlus，專門協助科技與專業領域的企業升級數位門面。過去曾協助多家品牌在既有系統基礎上，透過前端設計升級讓品牌形象與使用體驗全面提升。<br><br>是否方便寄一份我們在科技產業的網站升級案例給您參考？您也可以先從這邊瀏覽我們的服務及作品集：https://playplus.com.tw/<br><br>感謝您,2026/4/21,,,2026/4/28,,,2026/5/14,,,2026/6/13,,
星睿食品,20260414,https://sparkprotein.com,批發,10-29人,support@sparkprotein.com,官方,無,https://www.104.com.tw/company/1a2x6blixy,無徵才,無,已經有官方網站貨電商購物車。,,2026/4/14,Spark Protein 的線上體驗，是否匹配了品牌定位？,您好，<br><br>我剛瀏覽了 Spark Protein 的網站，注意到你們在蛋白質食品領域已打造了鮮明的品牌形象，也有電商購物功能。在健康食品 DTC 市場日趨白熱化的當下，消費者對網站體驗的期待也越來越高——從產品頁的資訊呈現到結帳的順暢度，每個環節都可能成為留住或流失顧客的關鍵。<br><br>我們是 PlayPlus，專注於協助品牌優化線上消費體驗，將「瀏覽」轉化為「購買」。過去曾協助多家食品品牌在不調整後端的前提下，透過前端 UI/UX 調整顯著提升轉換率。<br><br>是否方便寄一份我們在消費品牌的電商優化案例給您參考？您也可以先從這邊瀏覽我們的服務及作品集：https://playplus.com.tw/<br><br>感謝您,2026/4/21,,,2026/4/28,,,2026/5/14,,,2026/6/13,,
壹世代,20260414,https://www.comesan.com.tw/,批發,10-29人,come_san@esextra.com.tw,官方,無,https://www.104.com.tw/company/10sojf80,無徵才,無,已經有官方網站貨電商購物車。,,2026/4/14,壹世代的品牌官網，是否在同業中脫穎而出？,您好，<br><br>我剛瀏覽了壹世代的網站，注意到你們在批發領域已有成熟的經營基礎，也具備線上購物功能。不過在同業紛紛升級數位門面的現在，網站的設計質感與操作體驗已成為客戶評估合作對象的隱性標準——第一印象往往在幾秒鐘內就決定了對方是否繼續深入了解。<br><br>我們是 PlayPlus，專注於協助企業將現有網站升級為具備專業感與高轉換率的數位平台。曾協助多家品牌在不更動後端架構的情況下，透過設計重塑有效提升品牌形象與客戶信任度。<br><br>是否方便寄一份我們在品牌官網升級方面的案例給您參考？您也可以先從這邊瀏覽我們的服務及作品集：https://playplus.com.tw/<br><br>感謝您,2026/4/21,,,2026/4/28,,,2026/5/14,,,2026/6/13,,
双美禮品贈品行,20260414,http://www.smgift.com.tw,批發,10-29人,moon@smgift.com.tw,官方,無,https://www.104.com.tw/company/18zbbkvs,無徵才,無,已經有官方網站貨電商購物車。,,2026/4/14,双美禮品的線上商品展示，是否充分吸引買家？,您好，<br><br>我剛瀏覽了双美禮品的網站，看得出你們在禮品贈品領域已累積了豐富的產品品項，也有建置購物車功能。像禮品這類高度依賴「視覺吸引力」的品類，商品的呈現方式、分類邏輯與瀏覽動線，往往是影響批發客戶下單意願的關鍵因素。<br><br>我們是 PlayPlus，專門協助企業優化網站的商品展示與購物體驗。過去曾協助多家品牌在維持原有系統的前提下，透過前端視覺與動線重塑讓詢問量與訂單量雙雙提升。<br><br>是否方便寄一份我們在商品展示優化方面的案例給您參考？您也可以先從這邊瀏覽我們的服務及作品集：https://playplus.com.tw/<br><br>感謝您,2026/4/21,,,2026/4/28,,,2026/5/14,,,2026/6/13,,
瑪莎生活科技,20260414,https://www.masalife.tw/,批發,10-29人,service@masalife.com,官方,無,https://www.104.com.tw/company/1a2x6blkfj,無徵才,無,已經有官方網站貨電商購物車。,,2026/4/14,瑪莎生活的品牌網站，是否說好了品牌故事？,您好，<br><br>我剛瀏覽了瑪莎生活科技的網站，注意到你們在生活用品領域已有清晰的品牌定位，也建置了電商購物功能。對於生活科技品牌來說，網站不只是販售商品的通路，更是傳遞品牌理念與生活態度的載體——視覺風格的一致性與互動體驗的細膩度，會直接影響消費者的品牌認同感。<br><br>我們是 PlayPlus，專注於協助品牌打造兼具美學質感與商業效率的數位平台。曾協助多家生活品牌在不影響現有功能的情況下，透過設計升級讓品牌體驗全面進化。<br><br>是否方便寄一份我們在生活品牌的網站升級案例給您參考？您也可以先從這邊瀏覽我們的服務及作品集：https://playplus.com.tw/<br><br>感謝您,2026/4/21,,,2026/4/28,,,2026/5/14,,,2026/6/13,,
邦頓,20260414,https://www.bonton.com.tw/,批發,10-29人,info@bonton.com.tw,官方,無,https://www.104.com.tw/company/1a2x6bmxt7,無徵才,無,已經有官方網站貨電商購物車。,,2026/4/14,邦頓的線上門面，是否準確傳達了品牌價值？,您好，<br><br>我剛瀏覽了邦頓的網站，注意到你們在批發領域已有成熟的產品佈局，也有電商購物功能。但在數位時代，網站就是企業的第一張名片——尤其對於批發商來說，一個具備專業感且好操作的網站，往往能在競爭中搶先贏得客戶的信任。<br><br>我們是 PlayPlus，專注於協助企業將現有網站升級為兼具品牌質感與高效轉換的數位平台。過去曾協助多家企業在不更動後端系統下，透過前端重塑有效提升品牌形象與詢問率。<br><br>是否方便寄一份我們在企業官網優化方面的案例給您參考？您也可以先從這邊瀏覽我們的服務及作品集：https://playplus.com.tw/<br><br>感謝您,2026/4/21,,,2026/4/28,,,2026/5/14,,,2026/6/13,,
力象,20260414,http://www.onatural.com.tw,批發,10-29人,info@onatural.us,官方,無,https://www.104.com.tw/company/9m83a6w,無徵才,無,已經有官方網站貨電商購物車。,,2026/4/14,O'natural 的網站體驗，是否匹配了天然的品牌定位？,您好，<br><br>我剛瀏覽了力象 O'natural 的網站，注意到你們在天然產品領域已建立了明確的品牌路線，也有電商購物功能。不過在天然有機市場競爭日益激烈的環境下，消費者對品牌的「信任感」要求特別高——網站的視覺質感、資訊透明度與操作流暢度，都是建立這份信任的重要環節。<br><br>我們是 PlayPlus，專注於協助品牌優化數位平台的體驗與質感。曾協助多家品牌在既有系統基礎上，重新打造前端體驗，有效提升消費者的信賴感與購買轉換率。<br><br>是否方便寄一份我們在品牌電商的優化案例給您參考？您也可以先從這邊瀏覽我們的服務及作品集：https://playplus.com.tw/<br><br>感謝您,2026/4/21,,,2026/4/28,,,2026/5/14,,,2026/6/13,,
十翼饌_美大雅,20260414,https://mdyacorp.com/,批發,10-29人,meitaya.tenwings@gmail.com,官方,無,https://www.104.com.tw/company/18sb2xc0,無徵才,無,已經有官方網站貨電商購物車。,,2026/4/14,十翼饌的品牌網站，是否最大化了線上銷售潛力？,您好，<br><br>我剛瀏覽了十翼饌（美大雅）的網站，注意到你們在食品領域已有豐富的產品線，也建置了電商購物功能。食品類的線上零售競爭愈發激烈，從產品頁面的食慾呈現到下單流程的順暢度，每一處體驗細節都可能影響消費者是否完成購買。<br><br>我們是 PlayPlus，專門協助食品品牌升級線上購物體驗與視覺質感。過去曾協助多家品牌在不更動後端系統的條件下，透過 UI/UX 優化讓轉換率獲得顯著成長。<br><br>是否方便寄一份我們在食品電商的網站優化案例給您參考？您也可以先從這邊瀏覽我們的服務及作品集：https://playplus.com.tw/<br><br>感謝您,2026/4/21,,,2026/4/28,,,2026/5/14,,,2026/6/13,,
東源實業,20260414,http://www.lencoint.com,批發,10-29人,customerservice@lencoint.com,官方,無,https://www.104.com.tw/company/5ldlq40,無徵才,無,已經有官方網站貨電商購物車。,,2026/4/14,東源實業的數位門面，是否展現了該有的專業形象？,您好，<br><br>我剛瀏覽了東源實業的網站，看得出你們在批發領域已有長期穩定的經營基礎，也有建置線上功能。不過以 B2B 產業的趨勢來看，越來越多買家會先透過官網評估供應商的專業度——網站的設計質感與資訊架構，往往是促成或錯失合作機會的隱性因素。<br><br>我們是 PlayPlus，專注於協助企業升級官網的設計與使用體驗。過去曾協助多家企業在既有系統框架下，透過前端設計優化有效提升品牌形象與客戶詢問率。<br><br>是否方便寄一份我們在 B2B 企業官網升級的案例給您參考？您也可以先從這邊瀏覽我們的服務及作品集：https://playplus.com.tw/<br><br>感謝您,2026/4/21,,,2026/4/28,,,2026/5/14,,,2026/6/13,,
東源實業,20260414,http://www.lencoint.com,批發,10-29人,customerservice@plastel.net,官方,無,https://www.104.com.tw/company/5ldlq40,無徵才,無,已經有官方網站貨電商購物車。,,2026/4/14,東源實業的數位門面，是否展現了該有的專業形象？,您好，<br><br>我剛瀏覽了東源實業的網站，看得出你們在批發領域已有長期穩定的經營基礎，也有建置線上功能。不過以 B2B 產業的趨勢來看，越來越多買家會先透過官網評估供應商的專業度——網站的設計質感與資訊架構，往往是促成或錯失合作機會的隱性因素。<br><br>我們是 PlayPlus，專注於協助企業升級官網的設計與使用體驗。過去曾協助多家企業在既有系統框架下，透過前端設計優化有效提升品牌形象與客戶詢問率。<br><br>是否方便寄一份我們在 B2B 企業官網升級的案例給您參考？您也可以先從這邊瀏覽我們的服務及作品集：https://playplus.com.tw/<br><br>感謝您,2026/4/21,,,2026/4/28,,,2026/5/14,,,2026/6/13,,
永譔食品生技,20260414,https://www.youngsun-foods.com/pages/4,批發,10-29人,ys83606692@gmail.com,官方,無,https://www.104.com.tw/company/1a2x6bm47t,無徵才,無,已經有官方網站貨電商購物車。,,2026/4/14,永譔食品的官網體驗，是否跟上了品牌的成長速度？,您好，<br><br>我剛瀏覽了永譔食品生技的網站，注意到你們在食品生技領域已有深耕多年的產品實力，也建置了電商購物功能。然而在食品生技這個強調「專業信任」的品類中，網站的質感與體驗就是品牌信譽的延伸——從原料溯源的資訊呈現到購物流程的順暢度，都會左右消費者的信心。<br><br>我們是 PlayPlus，專注於協助品牌打造兼具專業感與高轉換率的數位平台。曾協助多家食品品牌在不改動後端邏輯的前提下，透過前端設計升級有效提升品牌信賴度與購買轉換。<br><br>是否方便寄一份我們在食品產業的網站升級案例給您參考？您也可以先從這邊瀏覽我們的服務及作品集：https://playplus.com.tw/<br><br>感謝您,2026/4/21,,,2026/4/28,,,2026/5/14,,,2026/6/13,,
台灣耶拿儀器,20260414,http://www.analytik-jena.com.tw/,批發,10-29人,sales@analytik-jena.com.tw,官方,無,https://www.104.com.tw/company/60ygdjc,無徵才,無,已經有官方網站貨電商購物車。,,2026/4/14,Analytik Jena 台灣的產品展示，是否精準傳達了技術優勢？,您好，<br><br>我剛瀏覽了台灣耶拿儀器的網站，看得出你們代理的分析儀器在精密度與技術深度上都有相當高的水準。然而對於高單價的科學儀器來說，官網的產品展示方式與資訊架構是否清晰專業，往往直接影響研究單位與企業客戶的詢價意願。<br><br>我們是 PlayPlus，專注於協助技術導向的企業升級其數位平台的展示與體驗。過去曾協助多家專業領域品牌在既有系統基礎上，透過前端設計優化讓產品頁的專業度與轉換率獲得明顯提升。<br><br>是否方便寄一份我們在專業產品展示優化的案例給您參考？您也可以先從這邊瀏覽我們的服務及作品集：https://playplus.com.tw/<br><br>感謝您,2026/4/21,,,2026/4/28,,,2026/5/14,,,2026/6/13,,
台康原物料貿易,20260414,http://www.agricomcorp.com,批發,10-29人,agricom@agricomcorp.com,官方,無,https://www.104.com.tw/company/1a2x6bicws,無徵才,無,已經有官方網站貨電商購物車。,,2026/4/14,台康原物料的官網，是否充分建立了專業信任？,您好，<br><br>我剛瀏覽了台康原物料貿易的網站，注意到你們在農業原物料領域已有深厚的產業經驗，也有建置線上功能。對於原物料貿易商來說，官網是向潛在客戶展現供應鏈實力與專業度的重要管道——網站的資訊架構與設計質感，會在第一時間影響客戶的合作評估。<br><br>我們是 PlayPlus，專注於協助 B2B 企業升級數位平台的專業形象與使用體驗。曾協助多家貿易型企業在不更動後端的前提下，透過前端設計優化有效提升品牌信任度與詢問率。<br><br>是否方便寄一份我們在 B2B 企業官網升級的案例給您參考？您也可以先從這邊瀏覽我們的服務及作品集：https://playplus.com.tw/<br><br>感謝您,2026/4/21,,,2026/4/28,,,2026/5/14,,,2026/6/13,,
楠弘貿易,20260414,http://www.lafon.com.tw,批發,10-29人,info@lafon.com.tw,官方,無,https://www.104.com.tw/company/a80x52w,無徵才,無,已經有官方網站貨電商購物車。,,2026/4/14,楠弘貿易的品牌官網，是否精準傳遞了產品價值？,您好，<br><br>我剛瀏覽了楠弘貿易的網站，看得出你們在代理銷售領域已有長年的經營基礎，也有建置線上功能。在貿易產業中，官網不僅是展示產品的平台，更是讓潛在合作夥伴快速理解代理優勢的關鍵管道——介面的專業感與瀏覽的流暢度，可能就是決定對方是否進一步聯繫的轉折點。<br><br>我們是 PlayPlus，專注於協助企業升級官網的設計質感與使用者體驗。過去曾協助多家企業在既有架構下，透過前端設計重塑讓品牌形象與客戶互動率都獲得提升。<br><br>是否方便寄一份我們在企業品牌官網升級的案例給您參考？您也可以先從這邊瀏覽我們的服務及作品集：https://playplus.com.tw/<br><br>感謝您,2026/4/21,,,2026/4/28,,,2026/5/14,,,2026/6/13,,
