公司名稱,序號,官方網站,產業,員工人數,email,聯絡人名稱,來源,說明,,Day 1,Day 7,Day 14,Day 30,Day 60,day1_title,day1_content,day7_title,day7_content,day14_title,day14_content,day30_title,day30_content,day60_title,day60_content
銘岱實業股份有限公司,20260519,http://www.bigtime.com.tw/,一般製造業,50-99人,sales@bigtime.com.tw,官方,https://www.104.com.tw/company/gjj6gp4,"公司簡介ABOUT US
本公司係以生產自創品牌之「BIGIE」與 [BIGTIME] 汽車霧燈而聞名全球之專業車燈製造廠─ Big Time，絕大多數車燈產品之品質均符合 SAE、ECE、EEC 等國際品質標準，行銷網遍及歐、美、亞洲等國家，我們的主要產品依功能可以概分為以下類別：霧燈、頭燈、聚光燈、越野車燈、工作燈
霧燈、頭燈、聚光燈、越野車燈、工作燈及其他特殊照明燈具.",,2026/05/19,2026/05/26,2026/06/02,2026/06/18,2026/07/18,,,,,,,,,,
德霆企業股份有限公司,20260519,https://www.cnnplastic.com/,一般製造業,50-99人,,官方,https://www.104.com.tw/company/13tbjuio,"．北臺灣最大專業級模具及系統開發
德霆企業股份有限公司創立於1992年，累積近30年於塑膠產業的經驗，致力於提供模具工藝開發及塑膠射出成形的相關系統整合方案。

．重視細節創新工藝，持續精進提昇產能
以客為本，考量客戶之獨特性，整合模具開發、射出機械、成形生產、自動化等多方技術，量身打造最適的解決方案。

持續投資Makino、Yasda、Sodick、Mitsubishi等精度更準，更具效率的加工設備，目標在達成一條龍的加工，提供客戶更佳的交貨期及品質保證。

‧ Create New Networks For Better Value of the Industry

CNN Plastic System Co., ltd. was funded in 1992 and focusing in tooling manufacturing and engineering for plastic injection turnkey solution. With More than 30 years of experience in the field, we are the pioneer in Taiwan not only in mold making, but also vertical integration of Injection Machine, Hot Runner System, and Automation.

We offer extensive lines of product including Thinwall / IML packaging, Cap&Closure turnkey, Multi-cavity cutlery mold and automation system, Multi-component plastic injection solution, and various plastic injection molds.

CNN Plastic System takes improvement as a key component of success. Over the time, we constantly renew our manufacturing equipment, and continually adapt to new technologies, so that we can always provide you the best quality to meet your requirement.


‧ Our Mission:

Excel in Products :
CNN Plastic System accumulates and continuously develop good plastic product with attractive looking, practical usage, cost effective and recyclable to save the world resource.

Create Best Value of Production system :
CNN Plastic System vertical integrates material handling system, machine, mold, and product handling system to provide most cost effective production line. We make the system with Eco/Energy Saving, Smart Arrangement, and Industrial 4.0.

Cultivate Valuable Customer :
CNN Plastic System coordinates valuable customers to access excellence in product and the best cost performance value manufacturing system. We aim to help our customer to achieve better value for the industry by on-time support of our massive production data base.
延續正直、勤奮、務實、創新的企業文化，以光明磊落、使命必達、追根究底及滾動發展來建設公司,優化內部體質。

執行以共知共識地溝通、鉅細靡遺地檢查及按部就班地確認的工作模式。

Comfortable, Confident, Contribution

CNN Style :
Integrity
Diligence
Practical
Creativity",,2026/05/19,2026/05/26,2026/06/02,2026/06/18,2026/07/18,,,,,,,,,,
雄崎股份有限公司,20260519,http://www.yusaki-ev.com/,一般製造業,50-99人,sales@yusaki-ev.com,官方,https://www.104.com.tw/company/12yccasg,"雄崎股份有限公司成立於1988年，為台灣精品電梯之專業製造廠商及電梯設備整合服務商。產品除了一般乘用電梯、家用電梯之外，特殊規格之貨梯、汽車梯、病床梯、展望梯、船梯等客製化升降設備尤為強項。
我們為了打造更安全、舒適、高科技的垂直移動環境，投入鉅資建造無機房電梯試驗塔，並致力於創新研發，對我們來說，製造安全的產品只是基本中的基本，面對國人生活品質的提升、環保意識的抬頭，生產穩定舒適、高效節能的電梯更是我們長久的堅持與精進的目標。
我們秉持著「服務、品質、研發、信譽、短交期」五大理念，雄崎電梯以「Yusaki」品牌行銷全世界。產品技術與品質堪稱國際水準，除了通過ISO9001認證之外，亦榮獲多項國際級認證。在日本、新加坡、澳洲、東協等國家皆有享有極高之評價。本公司亦為中華民國電梯協會會員、日本電梯協會贊助會員，而我們更是日本電梯協會成員當中唯一的純外資電梯製造廠。
雄崎做為電梯專業製造廠商及設備服務商，本著「技術專業化、產品客製化、服務人性化」的企業精神，矢志根留台灣、放眼世界，服務每一個需要我們的客戶，實現每一個想往高處爬的夢想。
1. 乘客電梯、家用電梯、病床用電梯、貨物用電梯、展望用電梯 、汽車用電梯、船用電梯等。
2. 電梯零件販售
3. 以上各項產品之銷售、設計、製造、保養維修。",,2026/05/19,2026/05/26,2026/06/02,2026/06/18,2026/07/18,,,,,,,,,,
盛閎石材有限公司,20260519,,一般製造業,50-99人,,官方,https://www.104.com.tw/company/1a2x6bkzip,"專營石材進口買賣，主要銷售建案外牆地坪以及石材相關產品等等。台北台中台南高雄皆有分公司。我們重視每一位員工，除了有良好工作環境、也提供學習及成長的空間，歡迎優秀的朋友一起加入盛閎石材有限公司的工作行列。尋求認真負責任的人才一起加入。
公司營運30年，石材領域專業老公司。以善待人，專業誠信。石材行業專業領域博大，歡迎人才加入。",,2026/05/19,2026/05/26,2026/06/02,2026/06/18,2026/07/18,,,,,,,,,,
拓誠機械股份有限公司,20260519,http://www.toptran.com.tw/,一般製造業,50-99人,service@toptran.com.tw,官方,https://www.104.com.tw/company/7e74k94,"拓誠機械股份有限公司(下列簡稱「拓誠機械」)設立於1997年，與日本技術的共同合作之下，已成為亞太地區最大的捲材加工設備設計製造商之一。

除了總公司在台灣之外，在大陸拓誠機械也擁有兩個分公司，分別在寧波以及淮安，以提供大中華區域客戶即時的支援與服務。台灣總公司則提供海外市場在線與在地的服務支援。

1.對客戶的承諾
拓誠機械擁有實力堅強的設計研發團隊，人數約佔總公司人數的五分之一，充分展現了拓誠機械在設計以及開發上的決心。拓誠機械專注於解決所有在鋼捲加工自動化上發生的各種挑戰，並具有創新、先進的技術解決方案。

2.產品研發
由於鋼捲材料在分條時所殘留的應力或是鋼鐵製造商在製造時不均勻的冷卻，會造成材料有缺陷。拓誠機械針對鋼捲和鋁捲的結構和特性上進行了深入的研究，並且將技術應用在剪切/分條生產線的設計及製造。

3.擁有實力堅強的設計研發團隊
拓誠機械擁有強大以及具有開發能力的設計團隊，拓誠機械不只提供標準型的捲料加工生產線，也提供客製化機械讓客戶一起參與技術性討論。

4.全球知名的品牌
透過不間斷嚴格的自我鞭策，拓誠機械建立起眾所周知的優良信譽以及名聲。現今，「TOMAC」也在全球捲料加工產業中成為了知名的品牌。
憑藉著這些優勢，拓誠機械可以提供品質優良的捲料加工生產線以及最好的服務給客戶。
拓誠機械堅信著提供「迅速的服務」、「持續的創新」以及「良好的品質管理」是讓企業穩健發展的主要要素和必須堅持的企業倫理。

客戶服務

「積極迅速的回覆客戶所提出的疑問」─ 提供優秀的售後服務一直是拓誠機械經營理念中相當重要的一個環節。不論是詢價或是任何的疑問，拓誠機械的服務團隊都會用最短的時間回覆並盡快提供解決方案。
此外，拓誠機械的服務團隊定期接受訓練以提升服務能力。我們只選擇經驗豐富的服務工程師，以積極的態度和高效的工作提供服務。

持續創新

「技術上不斷的創新」─ 一直是拓誠機械最大的優勢。拓誠機械的研究開發與技術人員皆投入計畫，逐漸將工業4.0導入捲料加工生產業中。拓誠機械的設計開發部門負責人參與正在進行中的研究項目，並帶領研發團隊為開發可持續節能生產線提供更具革命性的解決方案。
此外為了使拓誠機械與材料加工發展有更密切的相關性與解決方案，拓誠機械對於鋼捲與鋁捲機械結構與特色有更詳盡的分析。

品質管理

拓誠機械除了在技術領域裡高規格自我提升以外，拓誠機械的品質標準與管理規定也滿足以及遵守不同區域的要求包含：TÜV CERT ISO 9001:2015、德國TÜV CE以及2016年CE更新法規。",,2026/05/19,2026/05/26,2026/06/02,2026/06/18,2026/07/18,,,,,,,,,,
拓誠機械股份有限公司,20260519,http://www.toptran.com.tw/,一般製造業,50-99人,sales@toptran.com.tw,官方,https://www.104.com.tw/company/7e74k94,"拓誠機械股份有限公司(下列簡稱「拓誠機械」)設立於1997年，與日本技術的共同合作之下，已成為亞太地區最大的捲材加工設備設計製造商之一。

除了總公司在台灣之外，在大陸拓誠機械也擁有兩個分公司，分別在寧波以及淮安，以提供大中華區域客戶即時的支援與服務。台灣總公司則提供海外市場在線與在地的服務支援。

1.對客戶的承諾
拓誠機械擁有實力堅強的設計研發團隊，人數約佔總公司人數的五分之一，充分展現了拓誠機械在設計以及開發上的決心。拓誠機械專注於解決所有在鋼捲加工自動化上發生的各種挑戰，並具有創新、先進的技術解決方案。

2.產品研發
由於鋼捲材料在分條時所殘留的應力或是鋼鐵製造商在製造時不均勻的冷卻，會造成材料有缺陷。拓誠機械針對鋼捲和鋁捲的結構和特性上進行了深入的研究，並且將技術應用在剪切/分條生產線的設計及製造。

3.擁有實力堅強的設計研發團隊
拓誠機械擁有強大以及具有開發能力的設計團隊，拓誠機械不只提供標準型的捲料加工生產線，也提供客製化機械讓客戶一起參與技術性討論。

4.全球知名的品牌
透過不間斷嚴格的自我鞭策，拓誠機械建立起眾所周知的優良信譽以及名聲。現今，「TOMAC」也在全球捲料加工產業中成為了知名的品牌。
憑藉著這些優勢，拓誠機械可以提供品質優良的捲料加工生產線以及最好的服務給客戶。
拓誠機械堅信著提供「迅速的服務」、「持續的創新」以及「良好的品質管理」是讓企業穩健發展的主要要素和必須堅持的企業倫理。

客戶服務

「積極迅速的回覆客戶所提出的疑問」─ 提供優秀的售後服務一直是拓誠機械經營理念中相當重要的一個環節。不論是詢價或是任何的疑問，拓誠機械的服務團隊都會用最短的時間回覆並盡快提供解決方案。
此外，拓誠機械的服務團隊定期接受訓練以提升服務能力。我們只選擇經驗豐富的服務工程師，以積極的態度和高效的工作提供服務。

持續創新

「技術上不斷的創新」─ 一直是拓誠機械最大的優勢。拓誠機械的研究開發與技術人員皆投入計畫，逐漸將工業4.0導入捲料加工生產業中。拓誠機械的設計開發部門負責人參與正在進行中的研究項目，並帶領研發團隊為開發可持續節能生產線提供更具革命性的解決方案。
此外為了使拓誠機械與材料加工發展有更密切的相關性與解決方案，拓誠機械對於鋼捲與鋁捲機械結構與特色有更詳盡的分析。

品質管理

拓誠機械除了在技術領域裡高規格自我提升以外，拓誠機械的品質標準與管理規定也滿足以及遵守不同區域的要求包含：TÜV CERT ISO 9001:2015、德國TÜV CE以及2016年CE更新法規。",,2026/05/19,2026/05/26,2026/06/02,2026/06/18,2026/07/18,,,,,,,,,,
紹琪實業股份有限公司,20260519,https://www.shaochi.com.tw/,一般製造業,50-99人,,官方,https://www.104.com.tw/company/12mi1pxs,"本公司創立於民國82年，主要從事0型環.油封.異型鑑；擁有為數不少的客戶群。 本公司擁有優秀的經營團隊，秉持著『服務客戶』的經營理念，追求企業永續經營及成長；除整體營運穩定外，獲利狀況也逐年提昇，是國內績優廠商之一 。我們重視每一位員工，除了有良好工作環境、也提供學習及成長的空間，歡迎優秀的朋友一起加入本公司的工作行列。
紹琪實業股份有限公司保有以往的技術經驗
加上現代化設備以及新進人員的教育訓練
成就技術與專業的完美結合！
精益求精，進步沒有終點！",,2026/05/19,2026/05/26,2026/06/02,2026/06/18,2026/07/18,,,,,,,,,,
重威企業有限公司,20260519,http://www.jonnesway.com.tw/,一般製造業,50-99人,info@jonnesway.com.tw,官方,https://www.104.com.tw/company/9mrgn4o,"本公司榮獲第11屆及17屆小巨人獎
http://www.jonnesway.com.tw/risingstarawardc.htm
1.成立於 1982 年，已通過 ISO 9001 認證
2.自創品牌行銷全世界，極具國際知名度
3.主要生產及銷售專業的汽車修護工具、設備，並設立倉儲物流
4.國際經銷網路目前有：108個國家，4000多個專業的經銷商遍及全球各地
5.整體運用高科技的電腦作業環境，穩定創新
6.持續研究、開發，產品更經緻，經銷網路更寬廣
7.培訓研發及管理幹部儲備人員
自創品牌！
效率服務！
專業品質！
穩定創新！",,2026/05/19,2026/05/26,2026/06/02,2026/06/18,2026/07/18,,,,,,,,,,
重威企業有限公司,20260519,http://www.jonnesway.com.tw/,一般製造業,50-99人,admin@jonnesway.com.tw,官方,https://www.104.com.tw/company/9mrgn4o,"本公司榮獲第11屆及17屆小巨人獎
http://www.jonnesway.com.tw/risingstarawardc.htm
1.成立於 1982 年，已通過 ISO 9001 認證
2.自創品牌行銷全世界，極具國際知名度
3.主要生產及銷售專業的汽車修護工具、設備，並設立倉儲物流
4.國際經銷網路目前有：108個國家，4000多個專業的經銷商遍及全球各地
5.整體運用高科技的電腦作業環境，穩定創新
6.持續研究、開發，產品更經緻，經銷網路更寬廣
7.培訓研發及管理幹部儲備人員
自創品牌！
效率服務！
專業品質！
穩定創新！",,2026/05/19,2026/05/26,2026/06/02,2026/06/18,2026/07/18,,,,,,,,,,
百鮮企業有限公司,20260519,http://www.linco-food.com.tw/,一般製造業,50-99人,,官方,https://www.104.com.tw/company/ai0k11k,"【傳承 38 年的調味魔法師】
百鮮企業成立於 1988 年，深耕食品調味領域 38 年。我們以「服務、專業、親切」為核心精神，自許為**「調味的魔法師」**。我們不只生產產品，更致力於結合味覺藝術與健康科學，確保每一份產品都能讓客戶吃的安心、吃的美味。

身為專業的食品添加物與乳製品製造商，百鮮擁抱創新，積極投入硬體升級與新產品開發。我們擁有 ISO22000 及 FSSC 22000 國際認證，從進料到出貨嚴格把關，業務版圖更從台灣拓展至國際市場。

『人才培訓與生活承諾』
我們深知，優秀的產品來自快樂且專業的夥伴。
在百鮮，我們不僅提供一份工作，更提供職涯成長的土壤。

全方位人才培訓：
我們積極投資夥伴，視職務需求補助考取專業證照（如：食安、職安、消防、堆高機等）。不論您在研發、生產或管理端，都能獲得紮實的教育訓練。

職涯發展空間：
隨著工廠規模擴大，我們提供透明的升遷管道。我們尋找的不只是員工，更是未來的儲備幹部與技術領袖。

工作與生活的平衡：
人生有 1/3 的時間在工作，我們希望夥伴在百鮮的 1/3 時光是充實且有成就感的；而在另外 2/3 的生活中，能保有自我、享受自在。我們鼓勵多元興趣，支持夥伴在工作之餘，活出精彩人生。

我們期待與充滿熱忱、追求卓越的您，一起分享成長的榮耀，開創下一個 38 年！
【願景】成為最懂味蕾並能創造美味的調味專家

【使命】傳遞美味、滿意生活

【堅持】品質優先、服務至上、誠正信實、創新發展",,2026/05/19,2026/05/26,2026/06/02,2026/06/18,2026/07/18,,,,,,,,,,
頡欣機械有限公司,20260519,http://www.everplast.com.tw/,一般製造業,50-99人,,官方,https://www.104.com.tw/company/dd79zlc,"頡欣機械有限公司創立於2009年，以客製化各式塑膠及混合材質押出機等機械設備和模具生產製造。為因應國內外市場廣大需求，於2015年擴大產能，擴建頡欣機械二廠，專心致力於技術的研發及產能和品質之提升，讓頡欣公司可以依據市場條件之需求，順著塑膠材料之特性，達成押出流程生產線最有效率的組合。在原材料上，塑料大致可分為PVC、HDPE、PE、ABS、PS、PC、PMMA等。由於管材和異型材之產業種類廣泛，大致可分為：建材、文具/玩具、裝潢/傢俱、醫療器材 燈飾 家電及其它管類等等。頡欣公司所提供之塑膠押出生產設備，也涵蓋如上所有塑料及產業別。舉凡＂軟、硬質塑膠管製造設備＂、＂PVC包紗管押出生產設備＂、＂PVC異型押出生產設備＂、＂PS相框發泡押出生產設備＂、＂桌邊條押出生產設備＂、＂木塑混合生產線＂等等，甚至延伸網生產線等，及提供週邊生產設備如冷卻裝置、印刷機、及計量機等，都是我們服務的範圍。目前也成立積層中心，致力於3D列印設備的開發與研究。為因應全球市場的銷售成長,急需各界優秀人才加入，共同成長。

公司資料可參考www.everplast.com.tw
將頡欣機械所生產製造的押出機械生產線，迄今全球銷售已超過110個國家，累積2,300套以上之實績，且正迅速擴大服務範圍；我們深知滿足客戶需求與專業人才的培育、市場脈動的瞭解和幸福企業的盈潤息息相關，致力落實「共創、共好、共享」的經營理念，期為立足台灣、遍及世界之頂尖押出專業研發製造廠。",,2026/05/19,2026/05/26,2026/06/02,2026/06/18,2026/07/18,,,,,,,,,,
志成鋼鐵股份有限公司,20260519,,一般製造業,50-99人,,官方,https://www.104.com.tw/company/o09yvpc,"志成鋼鐵股份有限公司1968在台中市創立，1993年增建全興廠於彰化縣。
目前員工大約80人，主要生產扁鐵、槽鐵、角鐵等型鋼產品，每月產能為壹萬噸，是臺灣第一大扁鐵生產公司。本公司產品主要應用於機械、鋼構、橋樑、廠房、造船等行業。出口至紐澳、美、加和東南亞等國，外銷比率約40%。
◆ 獎金/禮品類
1.年終獎金
2.勞動節獎品/禮品
3.生日禮品
◆ 保險類
1.勞保
2.健保

◆ 休閒類
1.國外旅遊
◆ 制度類
1.員工制服
2.績效獎金
3.完整的教育訓練",,2026/05/19,2026/05/26,2026/06/02,2026/06/18,2026/07/18,,,,,,,,,,
名山工業股份有限公司,20260519,http://www.mingshun.com.tw/company.html,一般製造業,50-99人,,官方,https://www.104.com.tw/company/po3vou8,"名山工業股份有限公司創立於西元1972年，為活塞肖(PISTON PIN)曲軸肖(CRANK PIN)專業製造廠商，產品適用於各種汽車、機車、農機、船舶、空壓機…等引擎。
自公司成立以來，全體員工不斷致力於製程、品質的改善，使公司能持續精進，在取得ISO 9002品質認證後又通過QS 9000以及TS16949品質認證，所製造的產品品質達到國際標準，並行銷亞、歐、美、澳、非五大洲，廣受各界肯定與喜愛
1.客戶滿意、員工樂意、經營得意、來實踐永續經營
2.創新、品質、交期、服務、生產力，來提昇產品競爭力。",,2026/05/19,2026/05/26,2026/06/02,2026/06/18,2026/07/18,,,,,,,,,,
赫德利國際股份有限公司,20260519,http://www.maxpurehome.com/,一般製造業,50-99人,,官方,https://www.104.com.tw/company/1a2x6bj2kj,"本公司於1984年成立，至今40餘年。代理國際精品電器，行銷好市多COSTCO及各大百貨精品通路，並曾與諾斯頓藥廠合資設立高純度蒸餾水廠，生產電子、實驗、食品飲用水。並與美國120年最大飲水機公司OASIS成立台灣服務中心、運務車隊等事業部。
獲得ISO 22000食品品質安全管理系統、HACCP國際ISO雙認證，提供高品質飲用水及最安全完善的服務，同時保障本公司同仁有穩定的工作環境，不需擔心公司外移問題。如果您是服務高手有責任感、儀表端莊、無不良嗜好，歡迎您加入本公司事業體系。
品質嚴謹、服務用心",,2026/05/19,2026/05/26,2026/06/02,2026/06/18,2026/07/18,,,,,,,,,,
光聯輕電股份有限公司,20260519,,一般製造業,50-99人,,官方,https://www.104.com.tw/company/ogavkjk,,,2026/05/19,2026/05/26,2026/06/02,2026/06/18,2026/07/18,,,,,,,,,,
歐宣國際開發設計有限公司,20260519,http://www.yenline.com/,一般製造業,50-99人,,官方,https://www.104.com.tw/company/130ol8qw,"成立時間：西元1994年
經營據點：總部設於台北市
全球佈點：共1個 台灣
國內門市：共16個 台北總店、SOGO百貨、新光三越
ONLINE STORE：https://yenline.91app.com/v2/official
經營理念：「真、善、美」以立體剪裁講求自然舒適，在冒險有趣中呈現另類的時尚美學。
YENLINE所有的服裝商品，全數的設計概念悉出自許艷玲設計師之創意及強大的設計團隊，長久以來是該品牌最自豪的生產原力。

講究環保、愛護環境是品牌素材最為重視的,其中主要的素材來源義大利製布廠商使用太陽能發電製作,比起傳統製布耗能耗水,更為環保在碎布的使用,回收再利用於新的設計製品或是環保袋二次利用,完全不浪費。
為求品牌形象以直營銷售為經營的準則並給予客戶完善的購物氣氛和服務，來維護本公司真善美之企業精神。",,2026/05/19,2026/05/26,2026/06/02,2026/06/18,2026/07/18,,,,,,,,,,
冠賢機電股份有限公司,20260519,http://www.gwanhsian.com.tw/,一般製造業,50-99人,admin@gwanhsian.com.tw,官方,https://www.104.com.tw/company/12z757bc,"冠賢公司專精於鋼鐵、造紙、水電、成衣、鞋廠等機電工程行業已有多年的實務經驗，而且我們有一群專業的設計工程師，他們從硬體規劃、配製，到軟體設計皆有非常專業的水準與技術能力，而且都有將近二十年的實務經驗。

冠賢公司有完整的生產流程，具有ISO 9001國際品質保證系統及IS17025實驗室認證，配電盤的箱體是由本公司鈑金部門自行生產製造，再經由生產部門組裝、配線、試車。提供從規劃、設計、製造、安裝、試車、保養等一系列的服務。並且本司研發、製造三款六機種自有品牌『CS工業型冷氣機』，此研發產品除了是正港台灣研發、台灣製造外，具有各項專利認證! 本公司始終不斷努力研發創新，為客戶提供專業量身的客製化服務！

冠賢公司事業群體並於2011年榮獲「中華民國海外華人第20屆創業楷模暨相扶獎」，以及2012年又榮獲「第14屆海外台商磐石獎」!

為因應台商在國外設廠的需求，本公司亦在柬埔寨、南北越皆設有關係企業公司﹝員工人數約300人﹞，並由海外關係企業在台灣遴選幹部長年進駐，可隨時提供當地客戶產品需求或技術服務，除了有相當耀眼的成績外，也朝著國際化、多角化經營模式邁進。

目前越南是經濟發展最快、最有潛力的國家之一，故本公司在北越另有投資-舜發土地開發責任有限公司，協助開發北越北寧省國家級【順成二號工業園區】，並將台灣聯絡處設在嘉義-冠賢機電股份有限公司2F，提供並協助台商來越投資設廠之資訊。

此工業園區預計開發300公頃﹝250公頃工業區+50公頃都市區﹞，座落於北越四大經濟中心﹝河內-海防-廣寧-太原﹞，目前已順利取得越南總理府頒發「投資執照」，未來將成為北越指標性的工業區。
冠賢公司以提供客戶最完善的設計、最優秀的品質以及最親切的服務為宗旨，並善盡社會企業責任。
秉持著『活力、誠信、優勢、執行』，每個冠賢人對於公司的經營理念可說是朗朗上口，並落實於工作中。

【品質政策】：品質用心、技術創新、客戶放心！
【品質承諾】：本著「品質至上」的觀念，對客戶承若「不因交貨緊急而影響品質」讓客戶放心。
【品質系統】：參考「國際標準ISO9001品質系統…設計、開發、生產、安裝及服務之品質保證模式」中之品質系統要求項目，建立本公司之品質系統。
【品質目標】：1、修改工時比率在0.5%以下。   2、保固期間內維修件數在5件以下
【市場競爭力強】：實現自產後，產品具有一定的價格優勢，供貨週期更短，服務品質更高，更即時為客戶提供貼心便捷的服務。",,2026/05/19,2026/05/26,2026/06/02,2026/06/18,2026/07/18,,,,,,,,,,
拉法生醫股份有限公司,20260519,https://www.rbcbioscience.com/,一般製造業,50-99人,info@rbcbioscience.com,官方,https://www.104.com.tw/company/cwjqmtk,"本公司主要產品為核酸純化試劑與自動化儀器，銷售到全世界醫院單位、檢驗單位與分生實驗室。我們重視每一個員工，除了有良好工作環境，也規劃員工學習及成長空間，歡迎優秀朋友，一起加入拉法生醫 工作行列。

RBC Bioscience is one of leading life science reagents and kits manufacturer in Taiwan. The Company specialized in transformation E.coli kit, cloning system kits, also manufacture whole range of DNA/RNA extraction and purification kits. In the rapidly evolving and hugely competitive biotechnological industry, RBC Bioscience has achieved success. RBC Bioscience has his distribution network over 20 countries in the world, and some of these territories has recognized RBC Bioscience the No1 brand in some life science products.
1.核酸萃取、檢測儀器及配套試劑系列
2.分子生物檢測系統(基因核酸檢驗法)",,2026/05/19,2026/05/26,2026/06/02,2026/06/18,2026/07/18,,,,,,,,,,
拉法生醫股份有限公司,20260519,https://www.rbcbioscience.com/,一般製造業,50-99人,sales@rbcbioscience.com,官方,https://www.104.com.tw/company/cwjqmtk,"本公司主要產品為核酸純化試劑與自動化儀器，銷售到全世界醫院單位、檢驗單位與分生實驗室。我們重視每一個員工，除了有良好工作環境，也規劃員工學習及成長空間，歡迎優秀朋友，一起加入拉法生醫 工作行列。

RBC Bioscience is one of leading life science reagents and kits manufacturer in Taiwan. The Company specialized in transformation E.coli kit, cloning system kits, also manufacture whole range of DNA/RNA extraction and purification kits. In the rapidly evolving and hugely competitive biotechnological industry, RBC Bioscience has achieved success. RBC Bioscience has his distribution network over 20 countries in the world, and some of these territories has recognized RBC Bioscience the No1 brand in some life science products.
1.核酸萃取、檢測儀器及配套試劑系列
2.分子生物檢測系統(基因核酸檢驗法)",,2026/05/19,2026/05/26,2026/06/02,2026/06/18,2026/07/18,,,,,,,,,,
育貿股份有限公司,20260519,http://www.umiak.com.tw/,一般製造業,50-99人,company@umiak.com.tw,官方,https://www.104.com.tw/company/24qe5q8,"1976年成立於台北市，致力耕耘於電力設備領域，歷經千餘件專案；早年參與並完成十大建設及科學園區等建廠和整廠的重大電力設備；在業界已樹立良好口碑，名列台灣績優的中小企業。 本公司專營代理國外一線機電品牌：

1. 日本富士電機之輸配電產品
2. 美國GE公司之輸配電保護設備
3. 瑞典ABB公司之機電設備
4. 美國Emerson公司之工業控制產品

期望更多的業界菁英加入，在建立多年電力發展的穩固基礎上，一起發展下一個世代的新趨勢產業 – 工業4.0和智慧型電網。

交通資訊：捷運中正紀念堂站4號出口 (正對大門口)

代表案例：南港展覽中心、中國信託總部大樓、亞東醫院、板橋大遠百、市府轉運站、台北資訊園區、富邦內湖大樓、中山大學、華新麗華、台南香格里拉飯店等等。
本公司注重員工穩定性以及團隊精神的培養，訓練業務人員之專業知識，使其對各種產品之規格及技術性知識均具深度了解，並提供完整之技術服務給建築、機電設計專業人員，經過近三十年的時間，歷經千餘件專案，無論是在製造廠的挑選、交貨期的承諾及安裝施工，在業界均建立了良好的口碑，故本公司深信絕對能夠提供一流的產品及服務品質。",,2026/05/19,2026/05/26,2026/06/02,2026/06/18,2026/07/18,,,,,,,,,,
喬奕精密工業股份有限公司,20260519,http://www.cyprecisionind.com/,一般製造業,50-99人,service@cyprecisionind.com,官方,https://www.104.com.tw/company/ac5i9r4,"喬奕精密工業股份有限公司創立於民國76年5月，至今已有三十餘年歷史，專精於各類沖壓件之生產與精密模具設計製造。主要產品包括電腦配件、電池彈片、機電端子、馬達外殼、五金零組件等，所有生產流程皆通過 ISO 9001 與 IATF 16949 國際品質管理系統認證，品質穩定，深獲客戶信賴。
本公司創辦人秉持持續創新與關懷員工的經營理念，不僅專注企業發展，更致力於打造積極進取、溫馨和諧的職場文化。公司人員流動率低，平均年資逾八年，顯示內部團隊穩定，跨部門間溝通良好、合作無間。
我們重視員工的身心健康與家庭生活，鼓勵同仁善用特休假與家人共享時光，並設置圖書館資源，提供專業知識進修及多元自我成長課程，包含健康管理、情緒平衡等非專業領域。此外，公司亦定期舉辦國內外員工旅遊，讓同仁在工作之餘放鬆身心、增進彼此情誼，進一步強化團隊向心力。
隨著兩年前擴廠計畫的完成，公司目前正積極擴大產能、佈局國際市場。喬奕誠摯歡迎有志之士加入我們的行列，與我們攜手努力，共創卓越美好的未來。
電腦配件、電池彈片、機電端子、馬達外殼及五金配件",,2026/05/19,2026/05/26,2026/06/02,2026/06/18,2026/07/18,,,,,,,,,,
偉錠工業股份有限公司,20260519,,一般製造業,50-99人,,官方,https://www.104.com.tw/company/ggyizjc,"本公司已經營逾30年，從接單→製造→包裝→出貨採一貫作業的方式。
各種鋁/銅/金屬製品製作加工一貫作業",,2026/05/19,2026/05/26,2026/06/02,2026/06/18,2026/07/18,,,,,,,,,,
豪紳纖維科技股份有限公司,20260519,http://www.asiatic.com.tw/,一般製造業,50-99人,service@asiatic.com.tw,官方,https://www.104.com.tw/company/15bnwim8,"豪紳纖維科技(Asiatic Fiber Corporation, AFC)初創於西元1973年，由研發特殊纖維與高性能纖維產品出發，主要產品為技術型產業用紡織品，包含無塵、無菌、靜電防制、工業防護與醫療保健等應用。我們是亞洲無塵與導電產品的先驅領導者，已取得國內外32種專利，產品行銷全球62國。

我們的每項產品設計，都是以「BETTER CARE, BETTER LIFE」為出發點。我們相信，每一種工作環境與生活型態都值得持續變得更好。此外，A10機捷辦公大樓於2024年啟動，預計於2027年完工，提供員工更好的工作環境與更便捷的交通，機捷走路5分鐘即可到公司。

|公司榮耀|
連續兩年榮獲台灣精品獎肯定」 (2020-2021)
連續三年榮獲鄧白氏中小企業菁英獎 (2019-2021)
榮獲「經濟部第4屆潛力中堅企業」
通過「TÜV Rheinland企業營運能力認證」
榮獲「桃園市政府第八屆企業卓越獎–工業組創新獎」
榮獲「2014年台北國際體育用品展-創新產品–卓越獎」
榮獲「2013年TTTA台灣產業用紡織品協會–創新獎」
通過「ISO9001、ISO13485品質系統認證」及「GMP醫療器材優良製造規範」

|長期捐贈關懷公益|
看見・齊柏林基金會
全民大劇團/米倉影業
如果兒童劇團/紙風車文教基金會
原聲教育協會/擊樂文教基金會
桃園市文化基金會
肝病治防學術基金會
台大嚴慶齡工業發展...等基金會

|媒體報導|
貿易雜誌｜ 豪紳纖維超前投入 高性能纖維滿足高端需求
遠見雜誌｜ 無塵衣龍頭跨足防護衣，豪紳全員行銷逆勢奏捷
遠見雜誌｜ 豪紳纖維科技 全方位創新
三立新聞｜ 薪動大未來 外銷超過六十國 台灣隱形冠軍 包辦科技大廠無塵衣
經濟日報｜「隱形冠軍」系列報導-豪紳纖維把進攻當防守 編織智慧生活圈

|最新消息| https://www.asiatic.com.tw/news/
【我們的使命】｜引領全世界看見紡織業的無限可能｜
豪紳纖維科技是一個創新驅動、獨特、富有彈性的團隊。我們秉持誠信、創新、團隊、滿意的經營理念，為客戶提供優質的服務和高質量的產品，引領全世界看見紡織業的無限可能。我們致力開發創新、智能的機能智慧紡織品，為更先進與更優質的工作環境與生活品質而努力。

【我們的願景】｜優質關懷 優質生活｜
創造一個純淨、安全、健康的社會是豪紳纖維科技承諾的價值信念。我們相信，每一種工作環境與生活型態，都值得不斷變好 。

【我們的核心價值】｜與顧客建立緊密的夥伴關係｜
我們相信機能智慧紡織品可以創造更美好的生活、工作和社會。
40多年的經驗讓我們了解到產品對客戶的重要性，所以我們堅持品質、持續創新，創造更先進和更優質的產品，並且提供諮詢以及產品的解決方案，成為客戶最佳的企業夥伴。

【教育政策】｜結合公司使命與核心價值，建立「人才發展與訓練政策」｜
1.以跨部門輪調與多元職能培育，強化員工適應力與創新力。
2.推動終身學習，支持員工自主學習與專業進修。
3.強調「組織與員工共同成長」，以人才培育支撐公司長期發展。
 
【公司承諾】｜提供員工平等且持續的學習與成長機會，並投入必要資源｜
1.豪紳承諾為每位員工提供公平的學習與培訓機會，並支持其專業發展。
2.公司將持續投入資源，推動員工能力提升，並為員工提供必要的學習平台與支援。

【主管承諾】｜主管積極參與，教學相長｜
1.總經理每年參與訓練政策討論與規劃。
2.主動參與訓練相關活動、積極擔任內部講師。
3.定期檢核訓練計畫與組織目標的連結，確保訓練成效落地。",,2026/05/19,2026/05/26,2026/06/02,2026/06/18,2026/07/18,,,,,,,,,,
豪紳纖維科技股份有限公司,20260519,http://www.asiatic.com.tw/,一般製造業,50-99人,hr@asiatic.com.tw,官方,https://www.104.com.tw/company/15bnwim8,"豪紳纖維科技(Asiatic Fiber Corporation, AFC)初創於西元1973年，由研發特殊纖維與高性能纖維產品出發，主要產品為技術型產業用紡織品，包含無塵、無菌、靜電防制、工業防護與醫療保健等應用。我們是亞洲無塵與導電產品的先驅領導者，已取得國內外32種專利，產品行銷全球62國。

我們的每項產品設計，都是以「BETTER CARE, BETTER LIFE」為出發點。我們相信，每一種工作環境與生活型態都值得持續變得更好。此外，A10機捷辦公大樓於2024年啟動，預計於2027年完工，提供員工更好的工作環境與更便捷的交通，機捷走路5分鐘即可到公司。

|公司榮耀|
連續兩年榮獲台灣精品獎肯定」 (2020-2021)
連續三年榮獲鄧白氏中小企業菁英獎 (2019-2021)
榮獲「經濟部第4屆潛力中堅企業」
通過「TÜV Rheinland企業營運能力認證」
榮獲「桃園市政府第八屆企業卓越獎–工業組創新獎」
榮獲「2014年台北國際體育用品展-創新產品–卓越獎」
榮獲「2013年TTTA台灣產業用紡織品協會–創新獎」
通過「ISO9001、ISO13485品質系統認證」及「GMP醫療器材優良製造規範」

|長期捐贈關懷公益|
看見・齊柏林基金會
全民大劇團/米倉影業
如果兒童劇團/紙風車文教基金會
原聲教育協會/擊樂文教基金會
桃園市文化基金會
肝病治防學術基金會
台大嚴慶齡工業發展...等基金會

|媒體報導|
貿易雜誌｜ 豪紳纖維超前投入 高性能纖維滿足高端需求
遠見雜誌｜ 無塵衣龍頭跨足防護衣，豪紳全員行銷逆勢奏捷
遠見雜誌｜ 豪紳纖維科技 全方位創新
三立新聞｜ 薪動大未來 外銷超過六十國 台灣隱形冠軍 包辦科技大廠無塵衣
經濟日報｜「隱形冠軍」系列報導-豪紳纖維把進攻當防守 編織智慧生活圈

|最新消息| https://www.asiatic.com.tw/news/
【我們的使命】｜引領全世界看見紡織業的無限可能｜
豪紳纖維科技是一個創新驅動、獨特、富有彈性的團隊。我們秉持誠信、創新、團隊、滿意的經營理念，為客戶提供優質的服務和高質量的產品，引領全世界看見紡織業的無限可能。我們致力開發創新、智能的機能智慧紡織品，為更先進與更優質的工作環境與生活品質而努力。

【我們的願景】｜優質關懷 優質生活｜
創造一個純淨、安全、健康的社會是豪紳纖維科技承諾的價值信念。我們相信，每一種工作環境與生活型態，都值得不斷變好 。

【我們的核心價值】｜與顧客建立緊密的夥伴關係｜
我們相信機能智慧紡織品可以創造更美好的生活、工作和社會。
40多年的經驗讓我們了解到產品對客戶的重要性，所以我們堅持品質、持續創新，創造更先進和更優質的產品，並且提供諮詢以及產品的解決方案，成為客戶最佳的企業夥伴。

【教育政策】｜結合公司使命與核心價值，建立「人才發展與訓練政策」｜
1.以跨部門輪調與多元職能培育，強化員工適應力與創新力。
2.推動終身學習，支持員工自主學習與專業進修。
3.強調「組織與員工共同成長」，以人才培育支撐公司長期發展。
 
【公司承諾】｜提供員工平等且持續的學習與成長機會，並投入必要資源｜
1.豪紳承諾為每位員工提供公平的學習與培訓機會，並支持其專業發展。
2.公司將持續投入資源，推動員工能力提升，並為員工提供必要的學習平台與支援。

【主管承諾】｜主管積極參與，教學相長｜
1.總經理每年參與訓練政策討論與規劃。
2.主動參與訓練相關活動、積極擔任內部講師。
3.定期檢核訓練計畫與組織目標的連結，確保訓練成效落地。",,2026/05/19,2026/05/26,2026/06/02,2026/06/18,2026/07/18,,,,,,,,,,
立欣精密股份有限公司,20260519,,一般製造業,50-99人,,官方,https://www.104.com.tw/company/1a2x6bk50t,"成立時間：西元2005年
經營理念：立欣精密股份有限公司位於台中縣神岡鄉豐洲路,成立於民國94年6月。 公司五年多來在總經理 張信平先生領導下從事主軸套筒、心軸等精密機械零組件生產代工,進而開發週邊產品提升加工技術與競爭力。 在全體同仁的努力下,公司產能日益增加,為了提高零組件的自製率與縮短加工時間滿足客戶需求,公司亦不段增加設備與計畫擴廠,於民國98年參加台中縣政府豐洲科技園區招商,預計100年遷入新廠,提供客戶更優質與全方位服務。
勞保、健保、週休二日、勞退提撥金
獎金類：年終獎金、三節獎金
餐飲類：伙食津貼
娛樂類：國內旅遊
*國定假日隨公家機關休假
*工作時段08:00-17:10中間用餐一小時(10:00及15:00休息10分鐘)",,2026/05/19,2026/05/26,2026/06/02,2026/06/18,2026/07/18,,,,,,,,,,
三來司有限公司,20260519,http://www.sanlaisi.com/,一般製造業,50-99人,,官方,https://www.104.com.tw/company/1a2x6blmol,"我們重視每一位員工，除了有良好工作環境、也提供學習及成長的空間，歡迎優秀的朋友一起加入三來司有限公司的工作行列。
本公司投入大量優秀的銷售人才豐厚的財力，以現代管理方式為基礎，依據市場需求為導向，不斷開拓進取，竭誠服務于客戶 已和國內外多家知名電子企業建立了良好的合作關係，所有產品以完善的售後服務，優越的品質，準時的交期，達到客戶最高的滿意",,2026/05/19,2026/05/26,2026/06/02,2026/06/18,2026/07/18,,,,,,,,,,
宏享金屬科技有限公司,20260519,https://hs53304827.com/about/,一般製造業,50-99人,,官方,https://www.104.com.tw/company/1a2x6bkcd2,"宏享金屬科技於2010年2月成立至今以板金加工起家
我們服務上秉持了
""快速的交貨速度"" 與 ""嚴格的品質要求""
來提供客戶優質服務 。

往後也會不斷繼續對產品的各項問題進行改良
持續的為各位服務。

我們重視每一位員工，除了有良好工作環境、也提供學習及成長的空間，歡迎優秀的朋友一起加入宏享金屬科技有限公司的工作行列。
人才是宏享金屬科技有限公司永續經營發展的根源，為網羅優秀人才，且更進一步邁向產業領導位置，針對產品製造、客戶服務等重點人員，並對人才保留薪資彈性調整空間。其餘職務與學經歷之起薪也有優於同業作為薪資政策。",,2026/05/19,2026/05/26,2026/06/02,2026/06/18,2026/07/18,,,,,,,,,,
啟銘機械股份有限公司,20260519,http://www.chyimeang.com/,一般製造業,50-99人,sales@chyimeang.com,官方,https://www.104.com.tw/company/g8hegmw,"本公司為一機械專業製造廠商，我們的專長是破碎、篩選、輸送、水洗與環保設備，銷售地區涵蓋歐洲、美洲、東南亞、中東、大陸、非洲、東北亞、台灣等地區。40 多年來本著「品質、服務、創新」的經營理念，創造出許多傲人的成績。 1. 取得日本、美國、中國大陸、印尼、台灣等數十項專利，尚有多項審查中。 2. 國內第一家通過 ISO 9001 認證之破碎機械製造廠。 3. 榮獲二次國產精良機器金龍獎。 4. 榮獲經濟部中小企業處創新研究獎。 公司致力於高效能的設備開發，並將產品多元化。 歡迎有能力，勇於接受挑戰的人員加入我們的行列。
品質,服務,創新",,2026/05/19,2026/05/26,2026/06/02,2026/06/18,2026/07/18,,,,,,,,,,
美琪生技股份有限公司,20260519,https://www.mmsoap.com.tw/,一般製造業,50-99人,service@mmsoap.com.tw,官方,https://www.104.com.tw/company/73h5wow,"美琪創辦人『吳浩源』先生 師承波蘭籍S.Nagel博士，成為台灣首席香皂頂尖調香師。並成功地運用香料來增加皂類的香味，因而與香皂產業結下了超越一甲子的緣分。
美琪於1943年創立於廣州，並於1947年遷移到台北松山，後來移廠新北新莊，所生產的高品質美琪香皂、美琪藥皂，在物資非常匱乏及衛生環境不佳的年代中，美琪藥皂陪伴國人一同成長，也成為大家愛用的抗菌品牌，廣受消費者喜愛，為了提供消費者更多元化的優質產品與擴大經濟規模，美琪於1958年合併了素有「北美琪、南瑪利」的美琪瑪利化工廠，成為了當時台灣最大的香藥皂製造公司，經過時空背景的變遷，經濟的起飛，進口品牌的競爭，美琪生技邁向另一個里程碑，於2013年在桃園新屋斥資數億，打造一個高規格的現在代綠色工廠，從皂線到液劑線到保養品線，更與國際大廠接軌合作代工，創造出更不一樣的『美琪生技』，繼續陪伴國人成為生活不可或缺的日常必需品，不斷創新不斷成為業界領頭羊，更在疫情期間，即使原物短缺及高通膨原物料漲價的狀況下，仍堅持不缺貨，為的是讓國人更安心都能買得到產品，勤洗手，守護全家大小的健康品牌，以台灣製造MIT為榮，美琪、彎彎、ONE持續不斷精進，更加入ESG企業理念，採用再生塑料瓶器，讓回收再利用，綠色永續，繼續在這一片土地上延續品牌的成長。
根留台灣  永續經營 _『美琪生技』健康你的生活！
從1943年以來，美琪生技旗下自有品牌，『美琪』、『彎彎』、『ONE』一直矗立於市場上，陪同國人一起成長，不斷地精進以專業的研發及創新產品，斥資數億於桃園新屋建造GMP 全自動化綠色工廠，建造符合國際大廠的產能規模及微生物實驗室的嚴格品質把關。
並從國際大廠趨勢原料為基礎研究，以設計不同的產品劑型，並與全球供應鏈結合及美琪生技獨家開發出解決肌膚各種問題的高機能成分，並於2021年將取得『綠色工廠』『綠色建築』認證，秉持綠色環保再生塑料的理念，讓回收塑料再生，環境永續，產品更優質，落實ESG永續經營的企業理念。
藉由設計分齡劑型和開發有機高機能成分的雙研究主軸，建立出科毅研創的核心價值，讓美琪生技的創新研發能力一直維持在領先的地位，再透過與包材瓶器美學的結合，提供每個的客戶美好的生活洗沐體驗。
近來年也為品牌年輕化努力，創建自營品牌官網旗艦店並與客戶服務快速數位化，邀請國內知名代言人與廣告結合，多與消費族群重新溝通品牌理念，並進入校園做洗手衛教活動，從小扎根，讓品牌屹立不搖，更貼近消費者生活。",,2026/05/19,2026/05/26,2026/06/02,2026/06/18,2026/07/18,,,,,,,,,,
美琪生技股份有限公司,20260519,https://www.mmsoap.com.tw/,一般製造業,50-99人,admin@mmsoap.com.tw,官方,https://www.104.com.tw/company/73h5wow,"美琪創辦人『吳浩源』先生 師承波蘭籍S.Nagel博士，成為台灣首席香皂頂尖調香師。並成功地運用香料來增加皂類的香味，因而與香皂產業結下了超越一甲子的緣分。
美琪於1943年創立於廣州，並於1947年遷移到台北松山，後來移廠新北新莊，所生產的高品質美琪香皂、美琪藥皂，在物資非常匱乏及衛生環境不佳的年代中，美琪藥皂陪伴國人一同成長，也成為大家愛用的抗菌品牌，廣受消費者喜愛，為了提供消費者更多元化的優質產品與擴大經濟規模，美琪於1958年合併了素有「北美琪、南瑪利」的美琪瑪利化工廠，成為了當時台灣最大的香藥皂製造公司，經過時空背景的變遷，經濟的起飛，進口品牌的競爭，美琪生技邁向另一個里程碑，於2013年在桃園新屋斥資數億，打造一個高規格的現在代綠色工廠，從皂線到液劑線到保養品線，更與國際大廠接軌合作代工，創造出更不一樣的『美琪生技』，繼續陪伴國人成為生活不可或缺的日常必需品，不斷創新不斷成為業界領頭羊，更在疫情期間，即使原物短缺及高通膨原物料漲價的狀況下，仍堅持不缺貨，為的是讓國人更安心都能買得到產品，勤洗手，守護全家大小的健康品牌，以台灣製造MIT為榮，美琪、彎彎、ONE持續不斷精進，更加入ESG企業理念，採用再生塑料瓶器，讓回收再利用，綠色永續，繼續在這一片土地上延續品牌的成長。
根留台灣  永續經營 _『美琪生技』健康你的生活！
從1943年以來，美琪生技旗下自有品牌，『美琪』、『彎彎』、『ONE』一直矗立於市場上，陪同國人一起成長，不斷地精進以專業的研發及創新產品，斥資數億於桃園新屋建造GMP 全自動化綠色工廠，建造符合國際大廠的產能規模及微生物實驗室的嚴格品質把關。
並從國際大廠趨勢原料為基礎研究，以設計不同的產品劑型，並與全球供應鏈結合及美琪生技獨家開發出解決肌膚各種問題的高機能成分，並於2021年將取得『綠色工廠』『綠色建築』認證，秉持綠色環保再生塑料的理念，讓回收塑料再生，環境永續，產品更優質，落實ESG永續經營的企業理念。
藉由設計分齡劑型和開發有機高機能成分的雙研究主軸，建立出科毅研創的核心價值，讓美琪生技的創新研發能力一直維持在領先的地位，再透過與包材瓶器美學的結合，提供每個的客戶美好的生活洗沐體驗。
近來年也為品牌年輕化努力，創建自營品牌官網旗艦店並與客戶服務快速數位化，邀請國內知名代言人與廣告結合，多與消費族群重新溝通品牌理念，並進入校園做洗手衛教活動，從小扎根，讓品牌屹立不搖，更貼近消費者生活。",,2026/05/19,2026/05/26,2026/06/02,2026/06/18,2026/07/18,,,,,,,,,,
晉爵精機股份有限公司,20260519,http://www.apexworks.com.tw/,一般製造業,50-99人,service@apexworks.com.tw,官方,https://www.104.com.tw/company/13l8zvvk,"本公司成立至今已有三十年，主要為汽機車零件生產製造及治夾具設計，目前因為業績成長必須擴大廠內設備而遷廠，經營穩健及不斷開發是我們經營的理念，歡迎有志一同的人員加入我們的行列 !
面對21世紀全球化的風潮，在世界各國相繼加入WTO架構，區域經濟合作議題不斷發酵的情形下，新世紀是一齣全球競爭與合作的大戲，值此同時，亞洲，尤其東南亞，已經成為具備低成本、高競爭力，且在世界市場占有一席之地的經濟板塊。國際大型製造與行銷公司蜂擁進入亞洲籌設採購中心、製造工廠或是行銷網路，這其中產生了許多規模龐大的商機，而台灣天然的地理位置與優良的上下游工業整合背景，在這一波經濟巨變中具有許多的優勢，尤其面對一些品質與生產技術要求較高的關鍵零組件，此項優勢更為明顯。

鑒於台灣以中小型企業為主的機械加工生產型態，其產能及規模都太小，在爭取世界各大廠之大量訂單時，往往無法達到大廠對產能需求、品質控管與交期的期待及要求，更奢言替國際大廠進行成品整合規畫與製造，因此在21世紀未來代工產業發展的競爭下，台灣企業為求生存與發展，並且順利獲得世界大廠之訂單，唯有朝擴大自身規模、強化本身能力與技術方向進行。

晉爵公司自早期定位於精密夾、治具、檢具設計與製造之專業工廠，延伸至OEM零件代工業務已有十多年經驗，從新產品之模、夾、治具開發，到量產之規劃、加工製作，無論在交期承諾與品質控制上，皆擁有極為完整的專業能力，公司並努力朝通過IATF16949品質認證體系方向邁進。我們期望讓晉爵陪你共創世紀新局面。",,2026/05/19,2026/05/26,2026/06/02,2026/06/18,2026/07/18,,,,,,,,,,
晉爵精機股份有限公司,20260519,http://www.apexworks.com.tw/,一般製造業,50-99人,admin@apexworks.com.tw,官方,https://www.104.com.tw/company/13l8zvvk,"本公司成立至今已有三十年，主要為汽機車零件生產製造及治夾具設計，目前因為業績成長必須擴大廠內設備而遷廠，經營穩健及不斷開發是我們經營的理念，歡迎有志一同的人員加入我們的行列 !
面對21世紀全球化的風潮，在世界各國相繼加入WTO架構，區域經濟合作議題不斷發酵的情形下，新世紀是一齣全球競爭與合作的大戲，值此同時，亞洲，尤其東南亞，已經成為具備低成本、高競爭力，且在世界市場占有一席之地的經濟板塊。國際大型製造與行銷公司蜂擁進入亞洲籌設採購中心、製造工廠或是行銷網路，這其中產生了許多規模龐大的商機，而台灣天然的地理位置與優良的上下游工業整合背景，在這一波經濟巨變中具有許多的優勢，尤其面對一些品質與生產技術要求較高的關鍵零組件，此項優勢更為明顯。

鑒於台灣以中小型企業為主的機械加工生產型態，其產能及規模都太小，在爭取世界各大廠之大量訂單時，往往無法達到大廠對產能需求、品質控管與交期的期待及要求，更奢言替國際大廠進行成品整合規畫與製造，因此在21世紀未來代工產業發展的競爭下，台灣企業為求生存與發展，並且順利獲得世界大廠之訂單，唯有朝擴大自身規模、強化本身能力與技術方向進行。

晉爵公司自早期定位於精密夾、治具、檢具設計與製造之專業工廠，延伸至OEM零件代工業務已有十多年經驗，從新產品之模、夾、治具開發，到量產之規劃、加工製作，無論在交期承諾與品質控制上，皆擁有極為完整的專業能力，公司並努力朝通過IATF16949品質認證體系方向邁進。我們期望讓晉爵陪你共創世紀新局面。",,2026/05/19,2026/05/26,2026/06/02,2026/06/18,2026/07/18,,,,,,,,,,
啟華工業股份有限公司,20260519,http://www.pefilm.com.tw/,一般製造業,50-99人,sales@pefilm.com.tw,官方,https://www.104.com.tw/company/126t5g88,"啟華工業股份有限公司創始於1961年高雄市楠梓工業區。後於1998年在彰濱工業區成立高科技透氣材質之研發及製造部門，廠地面積13114.48平方公尺，後來又於中國中山及馬來西亞等設立工廠，產品行銷全球，包括歐洲，美國，加拿大，中國，東南亞等地．
目前總部位於台灣，工廠主要製造醫療級的透氣材料之原料造粒到面料生產等，以高科技材質製造各式醫療，休閒，工業等各領域的面料，例如全球伊波拉病毒的防護衣面料，多數皆為本廠製造出口．所有的面料不但是無毒性之環保產品，無毒可回收，且機器設備皆完全自動生產，無需密集人力，無煙無污染，從原料到面料，一貫之生產線以達品質的絕對保障。
生產的專業面料具有各種不同的規格，可以止病毒，細菌，塵蟎，防水、防血污，防潮，防霉等，有具透氣、透濕之功能，其用途廣泛，如醫療級的手術衣，隔離依，防護衣，或是一般衛生器材，如紙尿片、紙尿褲、衛生棉、等包材，生活用品上，如防蟎寢具面料，登山衣面料，隔熱衣面料，建築防護面料，家庭防潮布等，農業上可用於專業蓋布、特殊高價水果生長保護套等。面料因需要的規格，做出不同尺寸的孔洞，因有如上述之特性功能，故能在民生用品提高品質，增進效能，加惠社會，且能節約能源，減少環境污染．外銷業績年年增長．另有子公司，達生生化科技股份有限公司，醫敏貿易有限公司，負責不同的產品及銷售．
近十年成立品牌事業部，Sleepy舒利比及Fotex芙特斯兩個不同訂價策略的品牌，用外銷美國的高規格面料，製造高附加價值的防蟎醫療床上用品．並於台中市七期成立產品行銷部．專注在品牌的行銷和通路的建置．
誠信、永續、高品質、高服務",,2026/05/19,2026/05/26,2026/06/02,2026/06/18,2026/07/18,,,,,,,,,,
品元企業股份有限公司,20260519,,一般製造業,50-99人,,官方,https://www.104.com.tw/company/aahxpa0,,,2026/05/19,2026/05/26,2026/06/02,2026/06/18,2026/07/18,,,,,,,,,,
成興鑄造股份有限公司,20260519,,一般製造業,50-99人,,官方,https://www.104.com.tw/company/vucou80,,,2026/05/19,2026/05/26,2026/06/02,2026/06/18,2026/07/18,,,,,,,,,,
錦德鋼鐵股份有限公司,20260519,,一般製造業,50-99人,,官方,https://www.104.com.tw/company/1a2x6bkbd2,,,2026/05/19,2026/05/26,2026/06/02,2026/06/18,2026/07/18,,,,,,,,,,
志鑫機械有限公司,20260519,,一般製造業,50-99人,,官方,https://www.104.com.tw/company/1a2x6bizty,"志鑫機械有限公司成立於1990年，是一家國際化的公司，專注於設計、生產和銷售電動工具、木工機械和修繕工具。我們的使命是為居家修繕創造優質的工作環境，通過運用先進技術突破效率與精度的要求。

我們的產品廣泛銷往全球十多個國家，致力於成為一家具有國際影響力的公司。我們的團隊秉承著價值觀的引領，努力推動公司走向國際化。我們注重品質和創新，致力於為客户提供卓越的產品和服務。

志鑫機械有限公司擁有一支專業且富有經驗的團隊，我們將持續觀注市場需求，並不斷引進先進的技術和創新設計，以滿足客户對工具性能和使用體驗的不断提升的需求。我們嚴格控制產品质質量，確保每一件產品都經過嚴密的檢測和測試，以確保其可靠性和耐用性。

無論您是各人使用者還是專業工匠，我們的產品將帮助您在工作中更高效地完成任务。我們提供多樣化的電動工具和木工機械，涵蓋了各種工作領域的需求。無論是家庭维修、建築施工還是工業製造，我們都有適合的解决方案。

感謝您對志鑫機械有限公司的關注，我們致力於為客户提供卓越的產品和服務，與您攜手共進，走向更廣闊的國際舞台。
在志鑫機械有限公司，我們秉持著堅定的經營理念，這些理念是我們公司文化的核心。我們的經營理念包括：

1. 卓越品質：我們致力於提供卓越品質的產品和服務，確保客户滿意度的最大化。我們從材料選擇、設計研發到生產製造，嚴格控制每一個環節，以確保產品質量的可靠性和耐用性。

2. 技術創新：我們不斷追求技術創新，積極引進先進的科技和工藝，以提升產品性能和生產效率。我們密切關注行業趨勢和客户需求，持續改進和研發新產品，以滿足不斷變化的市場需求。

3. 客户至上：客户是我們經營的核心。我們始终以客户的需求為導向，不斷提升客户體驗和價值。我們積極傾聽客户的反饋和建議，與客户建立緊密的合作伙伴關係，共同實現共赢發展。

4. 社會責任：我們認識到企業作為社会一員的责任，致力於可持續發展和環境保護。我們積極推動綠色生產，倡導資源的合理利用和環境保護意識，努力為社会做出積極貢獻。

5. 品牌價值：我們不僅關注產品的品質，還注重塑造品牌形象。我們通過專業的團隊、精心的服務和誠信的經營，努力打造志鑫機械有限公司成為業界信賴和認可的品牌。

這些經營理念是我們日常工作的指導原則，我們致力於以誠信、創新和質量為基石，持續提升客户價值，與合作伙伴共同成長，為員工提供良好的發展機會，為社會創造可持續的價值。

感謝您對志鑫機械有限公司的關注，我們將秉持著這些經營理念，不斷追求卓越，為您提供最好的產品和服務。",,2026/05/19,2026/05/26,2026/06/02,2026/06/18,2026/07/18,,,,,,,,,,
勝群金屬股份有限公司,20260519,http://www.winalu.com.tw/,一般製造業,50-99人,win@winalu.com.tw,官方,https://www.104.com.tw/company/aqwr2t4,"˙民國74年10月8日創立，創立初期以鋁門窗加工、製造施工為主。
˙民國85年為提昇產品品質與技術能力，加入慶光鋁門窗協力廠轉型為標準窗系統，增加氣密窗、隔音窗、鋁帷幕、鋁板牆、
金屬外牆產品的生產、製造、加工、施工。
˙民國91年加入力霸鋁門窗、鋁帷幕、協力廠系統，產品等級進一步提昇。
˙民國92年因應業務成長及提昇產能效益，增新廠，並於同年完成新廠落成與生產上線。營業額達二億。
˙民國96年配合I.S.O9001認證並擴大營業項目，正式更名為”勝群金屬股份有限公司”。
除此之外，在97年再次通過TAF的認證。
˙勝群與勤益科技大學,產學計畫研究及建教合作。
˙民國100年日商TOSTEM正式簽定產銷合作
˙民國100年在台中縣神岡豐洲科技工業園區，增資擴廠，配合營運.提升量化 。
˙民國102年邁向自主品牌，擴大廣告行銷增加品牌知名度。
˙民國103年勝群W多功能會館興建計畫啟動，預計於原北屯廠址興建 。
以環保為前提，綠建築為目標，舒適為取向，來創造自然採光，節能隔熱，自然通風的環境。現代建築物的環境設備，如電梯、空調、照明、門禁、保全及給水等，都是靠電力來推動運轉。

創造節源、節能，方便舒適的生活，建議以少預算來打造綠建築的環境。

綠建築，能源解決之道，就是善用節能窗。使自然光，產生自然的絕綠，隔除熱能的導進，更是生活樂趣的來源。

近年來從購屋的市調中，可發現越來越多的人心目中的理想設計是擁有明亮良好視野面向大自然或花園景觀的窗戶，由於鋁窗系統技術的進步，設計者已可使用門窗、玻璃屋及帷幕外牆來做節能的建築材料，窗戶節能系統，用來節約能源，達到綠建築環境節能的目的。

隨著我國經濟的發展與生活水平的提升，建築未來的發展趨勢，創造人性、居家智能、科技、優質的綠建築，是綠色節能環保的發展方向，這一市場的需求與未來的消費前景，越來越被廠商看好，我們期待新的專業服務，能帶給大家更優質的生活空間。",,2026/05/19,2026/05/26,2026/06/02,2026/06/18,2026/07/18,,,,,,,,,,
達豫醫療器材股份有限公司,20260519,http://www.dayu99.com/,一般製造業,50-99人,,官方,https://www.104.com.tw/company/13vv3e6g,"成立於 1992年,達豫公司秉持創新理念,追求人類健康的概念,一開始就積極的投入各類醫用、保健、運動壓力襪、護具及塑身用品的生產製造,接連由國外引進各類專業機器及設備,提昇技術能力。我們擁有一支優秀的研發團隊,不斷的吸收各種新的資訊,參加世界各地的展覽,有效率的研發出各類新型產品,並針對客戶的需求,適時提供更安全及舒適的產品,消費者及客戶的肯定是我們的榮耀,積極及穩定成長是公司追求的目標。
我們擁有最先進的設備和各種檢測儀器,專業的製造過程從原材料→計算機圖形設計→取樣→面料生產→縫製→定型→成品檢驗→包裝→交付。公司嚴格執行質量和數量管理和過程管理標準,始終堅持以誠信和品質,並已通過了ISO9001認證,通過 ISO13485,美國 FDA和歐盟 CE......等。
從第一件檢查倉儲檢驗,出廠檢驗,通過合理化,標準化的流程和品質控制人員嚴密控制,系統的品質管理標準的建立是為了確保客戶獲得高品質的產品。",,2026/05/19,2026/05/26,2026/06/02,2026/06/18,2026/07/18,,,,,,,,,,
成發塑膠廠股份有限公司,20260519,http://%20www.chengfa.com.tw/,一般製造業,50-99人,,官方,https://www.104.com.tw/company/fn2768o,"本公司通過ISO 9002資格，工作環境佳，在工作中學習及成長。
誠信、穩健、創新，與同仁一起打拼，創造雙嬴",,2026/05/19,2026/05/26,2026/06/02,2026/06/18,2026/07/18,,,,,,,,,,
雲巖科技股份有限公司,20260519,https://www.starbeauty-nail.com/,一般製造業,50-99人,service@starbeauty-nail.com,官方,https://www.104.com.tw/company/5t6i9t4,"世界級 PCB 銑刀大廠成立於2000年，為PCB專用銑刀之製造業及銷售商，並生產與銷售相關機器設備。

Star Beauty 是世界級 PCB 銑刀大廠，憑藉多年來對刀具研發的專業技術，成功將精密加工工藝應用於美甲工藝行業，推出高品質的美甲磨頭。

力求精益求精及不斷成長，需要積極的您與我們共同奮鬥！
秉持著「堅持客戶服務，創造員工幸福」的宗旨，追求永續經營與品質精進，並以獲取最大利潤為目標，穩健前進，期盼積極、願意接受挑戰以及不斷學習的人才加入。",,2026/05/19,2026/05/26,2026/06/02,2026/06/18,2026/07/18,,,,,,,,,,
雲巖科技股份有限公司,20260519,https://www.starbeauty-nail.com/,一般製造業,50-99人,sales@starbeauty-nail.com,官方,https://www.104.com.tw/company/5t6i9t4,"世界級 PCB 銑刀大廠成立於2000年，為PCB專用銑刀之製造業及銷售商，並生產與銷售相關機器設備。

Star Beauty 是世界級 PCB 銑刀大廠，憑藉多年來對刀具研發的專業技術，成功將精密加工工藝應用於美甲工藝行業，推出高品質的美甲磨頭。

力求精益求精及不斷成長，需要積極的您與我們共同奮鬥！
秉持著「堅持客戶服務，創造員工幸福」的宗旨，追求永續經營與品質精進，並以獲取最大利潤為目標，穩健前進，期盼積極、願意接受挑戰以及不斷學習的人才加入。",,2026/05/19,2026/05/26,2026/06/02,2026/06/18,2026/07/18,,,,,,,,,,
瑞磁生物科技集團_瑞磁生物科技股份有限公司,20260519,http://www.apbiocode.com/tw,一般製造業,50-99人,info@apbiocode.com,官方,https://www.104.com.tw/company/1a2x6bjg9a,"本公司為發展創新醫療檢測產品的公司。母公司 Applied BioCode 成立於2008年，位於美國洛杉磯，基於獨創的多元檢測技術與專利，開發出多重檢測技術平台。
2015年來台成立子公司-瑞磁生技股份有限公司，著重診斷試劑研發、診斷儀器研發與技術平台的生產製造。
2018年以來取得多項傳染病分子體外診斷試劑與自動化診斷儀器的美國FDA上市許可。
本公司透過對外授權和開發自有品牌體外診斷產品，多軌布局全球健康醫療產業。誠摯邀請對新創事業具熱誠的您一同打造分子檢測與數位生技的黃金時代。
2020年本公司-瑞磁生物科技集團，於臺灣證券交易所掛牌上市。
成為傳染病檢測的領導者
提供最好的多元檢測平台",,2026/05/19,2026/05/26,2026/06/02,2026/06/18,2026/07/18,,,,,,,,,,
星陶科技股份有限公司,20260519,http://www.ceradex-sensor.com/,一般製造業,50-99人,,官方,https://www.104.com.tw/company/wd2uln4,"星陶科技總部位於台灣，擁有ISO認證的製造廠，是世界上少數自行開發和製造陶瓷元件的氧傳感器廠商。從氧化鋯的配方開始研究，自行開發套管型與平板型核心陶瓷元件，使用了模壓成型和積層陶瓷堆疊製程。這些製程成就我們整套氧傳感器技術，包括套管型，平板型，空燃比型和寬域型氧傳感器。

擁有25年開發和製造氧傳感器的經驗，星陶科技已經證明在氧傳感器技術領先地位，並且銷售全球超過50個國家，是客戶可靠的供應商。
自1990年，創始人黃建南先生以修復飛機的經歷，投入鉅款及其身研究發展氧傳感器之技術。基礎原料配方至組裝製造一步步自行研發，為此領域堪比其他廠商經驗更豐富。

本司以穩定生產及品質把關為目標，產品主要銷售歐洲、美洲等國家，其含氧感知器產品線通過【英國福特汽車公司】之嚴格產品認可測試，深得用戶好評。

本司的宗旨為–提供客戶合理的價格，完善的品質與優良便捷的服務！而星陶科技也是台灣第一家也是唯一的含氧感知器製造商。

我們竭誠歡迎有理想抱負的人加入我們的團隊與公司共同成長茁壯！
【團隊】
利潤不單單只是金錢上的數字也是團體價值的成績單。企業內全員不論崗位、角色各司其職，必能創造與共享更高的價值。

【動力】
顧客是企業動力的燃料，倘落沒有顧客，企業將無法前進，在競爭中落後，在社會被抹去。

【超越】
停滯不前即退步，勇往直前超越自我，才能不斷提升自身的價值和成就社會貢獻的亮點。

【主導】
創造市場刮目相看的產品與品質，不僅成就永保市場主導者的地位，同時堅守不妥協的理念和框架。",,2026/05/19,2026/05/26,2026/06/02,2026/06/18,2026/07/18,,,,,,,,,,
駱恆股份有限公司,20260519,http://www.evercamel.com.tw/,一般製造業,50-99人,service@evercamel.com.tw,官方,https://www.104.com.tw/company/abo966o,"駱恆股份有限公司於1987年在台灣桃園成立，專業致力於各種精密模具製造及射出成型，且長期處於此行業領先地位。
目前於嘉義縣鹿草鄉園區內亦有設廠。
隨著海外策略發展，於2001年在中國蘇州以及 2016年東莞成立生產基地，為客戶提供兩岸三地服務。
誠信負責",,2026/05/19,2026/05/26,2026/06/02,2026/06/18,2026/07/18,,,,,,,,,,
穎宸實業有限公司,20260519,https://www.yin-chen.com/tw,一般製造業,50-99人,,官方,https://www.104.com.tw/company/1a2x6bidie,"穎宸實業為專業的CNC精密零件加工廠，擁有豐富的CNC 車床加工、CNC車銑複合零件加工經歷。我們秉持著穩定性高、加工能力強的加工設備與精密自動化 量測設備，來滿足客戶們的需求。我們不斷提昇加工精度的優質技術及嚴格控管品質穩定性的品保團隊，都是以提供客戶一個滿意有品質的保證。
我司目前承製過的零件其產業別︰腳踏車、汽/機車、氣動工具、電動工具、手動工具、氣/油壓零配件、機器零件、電子零件等。",,2026/05/19,2026/05/26,2026/06/02,2026/06/18,2026/07/18,,,,,,,,,,
尚典生技股份有限公司,20260519,https://www.pshining.com.tw/,一般製造業,50-99人,,官方,https://www.104.com.tw/company/13qe11ko,"本公司集團班友投資股份有限公司成立於１９７４年九月已進入第三十二年，本公司傳承集團西藥買賣之行業，至今已多元化經營，除西藥產品外，醫美化妝品
等等。
專業行銷公司（Marketing company）。
專門行銷高品質的醫藥與消費性醫療用品及營養品。
提高生活的品質，照顧人類一生的健康。
代理寶齡富錦生技產品等等。",,2026/05/19,2026/05/26,2026/06/02,2026/06/18,2026/07/18,,,,,,,,,,
