公司品牌簡稱,序號,官方網站,產業,員工人數,聯絡人信箱,聯絡人名稱,聯絡人職稱,來源,徵才職缺名稱,說明,備註
粟野,,http://awanofood.com/,,,example@mysite.com,官方,無,https://www.104.com.tw/company/1a2x6bmjwh,無徵才,無,已經有官方網站。已經有電商購物車。
粟野,,http://awanofood.com/,,,info@awanofood.com,官方,無,https://www.104.com.tw/company/1a2x6bmjwh,無徵才,無,已經有官方網站。已經有電商購物車。
粟野,,http://awanofood.com/,,,info@mysite.com,官方,無,https://www.104.com.tw/company/1a2x6bmjwh,無徵才,無,已經有官方網站。已經有電商購物車。
鉅田潔淨技術,,https://renouvo.net/,,,service@renouvo.net,官方,無,https://www.104.com.tw/company/1a2x6blmp3,無徵才,無,已經有官方網站。已經有電商購物車。
欣義達,,https://www.houchem.com.tw/,,,,官方,無,https://www.104.com.tw/company/d8z56gw,無徵才,無,已經有官方網站。
全渠運購,,https://www.bcatlogistics.com/,,,support@bcatlogistics.com,官方,無,https://www.104.com.tw/company/1a2x6bj1pu,無徵才,無,已經有官方網站。
臻錄貿易,,,,,,官方,無,https://www.104.com.tw/company/18ipw2tk,無徵才,無,已經有官方網站。
超比流行服飾行,,https://tw.shp.ee/Qozt6qu,,,,官方,無,https://www.104.com.tw/company/1a2x6bmxqd,無徵才,無,已經有官方網站。已經有電商購物車。
卡門國際貿易,,http://www.carmen.com.tw,,,order@carmen.com.tw,官方,無,https://www.104.com.tw/company/1a2x6bmll0,無徵才,無,已經有官方網站。
京仕地板實業,,,,,,官方,無,https://www.104.com.tw/company/13l433og,無徵才,無,已經有官方網站。
鈞禾生物科技,,,,,,官方,無,https://www.104.com.tw/company/1a2x6bmiiw,無徵才,無,已經有官方網站。
鋐川科技,,http://www.hcfeng.com,,,,官方,無,https://www.104.com.tw/company/1a2x6bka27,無徵才,無,已經有官方網站。
威泰照明,,https://www.weitai-light.com,,,weitai.light@msa.hinet.net,官方,無,https://www.104.com.tw/company/1a2x6biqar,無徵才,無,已經有官方網站。已經有電商購物車。
千百亮國際,,http://happybright.com.tw,,,,官方,無,https://www.104.com.tw/company/1a2x6bl0uz,無徵才,無,已經有官方網站。
物外,,http://www.ystudiostyle.com.tw/,,,ystudio@ystudiostyle.com,官方,無,https://www.104.com.tw/company/1a2x6bjta4,無徵才,無,已經有官方網站。已經有電商購物車。
物外,,http://www.ystudiostyle.com.tw/,,,service@ystudiostyle.com,官方,無,https://www.104.com.tw/company/1a2x6bjta4,無徵才,無,已經有官方網站。已經有電商購物車。
物外,,http://www.ystudiostyle.com.tw/,,,sales@ystudiostyle.com,官方,無,https://www.104.com.tw/company/1a2x6bjta4,無徵才,無,已經有官方網站。已經有電商購物車。
雕坊科技,,http://www.signgrafs.com.tw,,,,官方,無,https://www.104.com.tw/company/12pu3itc,無徵才,無,已經有官方網站。
暐旺百貨,,,,,,官方,無,https://www.104.com.tw/company/1a2x6bil6a,無徵才,無,已經有官方網站。
奧克斯,,http://www.twhusky.com.tw/index.php,,,,官方,無,https://www.104.com.tw/company/1a2x6blfxj,無徵才,無,已經有官方網站。
遠景,,https://www.food7-11.com/,,,service@food7-11.com,官方,無,https://www.104.com.tw/company/1a2x6bke2v,無徵才,無,已經有官方網站。
博揚實業,,,,,,官方,無,https://www.104.com.tw/company/1a2x6blycw,無徵才,無,已經有官方網站。
金富泰五金社,,https://www.gft-hardware.com.tw/,,,service@gft-hardware.com.tw,官方,無,https://www.104.com.tw/company/1a2x6biv1u,無徵才,無,已經有官方網站。已經有電商購物車。
樺芙,,https://www.zepii.com.tw/,,,,官方,無,https://www.104.com.tw/company/1a2x6blq3h,無徵才,無,已經有官方網站。
妙叡科技,,,,,,官方,無,https://www.104.com.tw/company/wc6wf08,無徵才,無,已經有官方網站。
牧友貿易,,,,,,官方,無,https://www.104.com.tw/company/1a2x6bkzfo,無徵才,無,已經有官方網站。
雨晴國際,,https://www.panseven.com/,,,tw@panseven.com,官方,無,https://www.104.com.tw/company/1a2x6bleom,無徵才,無,已經有官方網站。已經有電商購物車。
鑫多實業,,,,,,官方,無,https://www.104.com.tw/company/5xau6ow,無徵才,無,已經有官方網站。
正盟貿易,,http://www.karomax.com.tw,,,sales@karomax.com.tw,官方,無,https://www.104.com.tw/company/1a2x6bktew,無徵才,無,已經有官方網站。
非訊,,,,,,官方,無,https://www.104.com.tw/company/1a2x6bkyaf,無徵才,無,已經有官方網站。
日商久光製藥台北分公司,,http://www.hisamitsu.co.jp,,,,官方,無,https://www.104.com.tw/company/wiy1fsw,無徵才,無,已經有官方網站。
萬達國際行銷,,,,,,官方,無,https://www.104.com.tw/company/1a2x6bizo3,無徵才,無,已經有官方網站。
辰豐實業,,https://www.chengfongfs.com/,,,service@cfbs.com.tw,官方,無,https://www.104.com.tw/company/12trdyp4,無徵才,無,已經有官方網站。已經有電商購物車。
日商泰道台灣分公司,,http://www.daidotaiwan.com.tw/index.htm,,,,官方,無,https://www.104.com.tw/company/1a2x6bjb78,無徵才,無,已經有官方網站。
三協大同鋁業,,http://www.stta.com.tw/,,,,官方,無,https://www.104.com.tw/company/ohrrlao,無徵才,無,已經有官方網站。
妙元寶有機事業,,https://www.shop2000.com.tw/MY%E5%9C%98%E8%B3%BC%E6%89%B9%E7%99%BC,,,,官方,無,https://www.104.com.tw/company/1a2x6bkh5a,無徵才,無,已經有官方網站。
來稼生鮮蔬果行,,,,,,官方,無,https://www.104.com.tw/company/1a2x6bmxep,無徵才,無,已經有官方網站。
享宇,,,,,,官方,無,https://www.104.com.tw/company/wbl7sds,無徵才,無,已經有官方網站。
玖順貿易,,,,,,官方,無,https://www.104.com.tw/company/1a2x6bkb0z,無徵才,無,已經有官方網站。
昀海國際海產,,https://www.greenmark.com.tw,,,info@greenmark.com.tw,官方,無,https://www.104.com.tw/company/chws308,無徵才,無,已經有官方網站。
妙昌科技,,https://www.lotron.com.tw,,,,官方,無,https://www.104.com.tw/company/wdx7348,無徵才,無,已經有官方網站。
岢利亞貿易,,,,,,官方,無,https://www.104.com.tw/company/1a2x6bjcyk,無徵才,無,已經有官方網站。
香港商利潔時曼倫商貿臺灣分公司,,,,,,官方,無,https://www.104.com.tw/company/1a2x6bmhu1,無徵才,無,已經有官方網站。
星睿食品,,https://sparkprotein.com,,,,官方,無,https://www.104.com.tw/company/1a2x6blixy,無徵才,無,已經有官方網站。已經有電商購物車。
耕易溫馨生活館_耕易人造花,,http://www.kengyih.com.tw/,,,,官方,無,https://www.104.com.tw/company/acqag60,無徵才,無,已經有官方網站。
飛鵝數位電訊,,,,,,官方,無,https://www.104.com.tw/company/1a2x6bmiqe,無徵才,無,已經有官方網站。
金廣照明,,,,,,官方,無,https://www.104.com.tw/company/1a2x6bk98y,無徵才,無,已經有官方網站。
良澄生醫,,,,,,官方,無,https://www.104.com.tw/company/1a2x6bl9k1,無徵才,無,已經有官方網站。
壹世代,,https://www.comesan.com.tw/,,,,官方,無,https://www.104.com.tw/company/10sojf80,無徵才,無,已經有官方網站。
維特FIT_維特休閒,,,,,,官方,無,https://www.104.com.tw/company/b6u5cq0,無徵才,無,已經有官方網站。
双美禮品贈品行,,http://www.smgift.com.tw,,,moon@smgift.com.tw,官方,無,https://www.104.com.tw/company/18zbbkvs,無徵才,無,已經有官方網站。
瑪莎生活科技,,https://www.masalife.tw/,,,service@masalife.com,官方,無,https://www.104.com.tw/company/1a2x6blkfj,無徵才,無,已經有官方網站。已經有電商購物車。
惠德藥品,,,,,,官方,無,https://www.104.com.tw/company/13sjimq8,無徵才,無,已經有官方網站。
邦頓,,https://www.bonton.com.tw/,,,info@bonton.com.tw,官方,無,https://www.104.com.tw/company/1a2x6bmxt7,無徵才,無,已經有官方網站。
志盟,,,,,,官方,無,https://www.104.com.tw/company/1a2x6bi97x,無徵才,無,已經有官方網站。
鉅玉,,,,,,官方,無,https://www.104.com.tw/company/1117pog0,無徵才,無,已經有官方網站。
三華國際,,,,,,官方,無,https://www.104.com.tw/company/1a2x6bjuox,無徵才,無,已經有官方網站。
力象,,http://www.onatural.com.tw,,,info@onatural.us,官方,無,https://www.104.com.tw/company/9m83a6w,無徵才,無,已經有官方網站。已經有電商購物車。
奕發國際建材,,,,,,官方,無,https://www.104.com.tw/company/1a2x6bmxuv,無徵才,無,已經有官方網站。
十翼饌_美大雅,,https://mdyacorp.com/,,,meitaya.tenwings@gmail.com,官方,無,https://www.104.com.tw/company/18sb2xc0,無徵才,無,已經有官方網站。
東源實業,,http://www.lencoint.com,,,customerservice@lencoint.com,官方,無,https://www.104.com.tw/company/5ldlq40,無徵才,無,已經有官方網站。
東源實業,,http://www.lencoint.com,,,customerservice@plastel.net,官方,無,https://www.104.com.tw/company/5ldlq40,無徵才,無,已經有官方網站。
宏茂自動化,,,,,,官方,無,https://www.104.com.tw/company/1a2x6bk0r8,無徵才,無,已經有官方網站。
韓商浦項國際台灣分公司,,http://www.poscointl.com,,,,官方,無,https://www.104.com.tw/company/wjcr58w,無徵才,無,已經有官方網站。
宙格貿易,,,,,,官方,無,https://www.104.com.tw/company/1a2x6bllli,無徵才,無,已經有官方網站。
永譔食品生技,,https://www.youngsun-foods.com/pages/4,,,ys83606692@gmail.com,官方,無,https://www.104.com.tw/company/1a2x6bm47t,無徵才,無,已經有官方網站。已經有電商購物車。
昶宏,,http://chang-hun.com.tw/,,,,官方,無,https://www.104.com.tw/company/1a2x6bk6by,無徵才,無,已經有官方網站。
台灣耶拿儀器,,http://www.analytik-jena.com.tw/,,,sales@analytik-jena.com.tw,官方,無,https://www.104.com.tw/company/60ygdjc,無徵才,無,已經有官方網站。
台灣耶拿儀器,,http://www.analytik-jena.com.tw/,,,sales@analytik-jena.com.twtel,官方,無,https://www.104.com.tw/company/60ygdjc,無徵才,無,已經有官方網站。
台康原物料貿易,,http://www.agricomcorp.com,,,,官方,無,https://www.104.com.tw/company/1a2x6bicws,無徵才,無,已經有官方網站。
楠弘貿易,,http://www.lafon.com.tw,,,info@lafon.com.tw,官方,無,https://www.104.com.tw/company/a80x52w,無徵才,無,已經有官方網站。
萬能冷凍,,,,,,官方,無,https://www.104.com.tw/company/1a2x6bmnaq,無徵才,無,已經有官方網站。
仲國科技,,,,,,官方,無,https://www.104.com.tw/company/1a2x6blpp8,無徵才,無,已經有官方網站。
程翊興業,,,,,,官方,無,https://www.104.com.tw/company/1a2x6bi20a,無徵才,無,已經有官方網站。
淯羚,,https://bluebirdbedding.com.tw,,,,官方,無,https://www.104.com.tw/company/1a2x6bmqk4,無徵才,無,已經有官方網站。
諾唯雅女鞋_炘城,,http://www.niveole.com.tw,,,,官方,無,https://www.104.com.tw/company/1103iqxs,無徵才,無,已經有官方網站。已經有電商購物車。
